target,feature_set,corr_threshold,k,C,class_weight,folds,accuracy,accuracy_std,balanced_accuracy,balanced_accuracy_std,f1,f1_std,roc_auc,roc_auc_std,average_precision,average_precision_std,log_loss,log_loss_std,brier,brier_std
over_15,rolling_plus_table_h2h,0.9,36,0.03,balanced,3,0.5239457831325302,0.05567416191232921,0.5362828916120452,0.05205931221996673,0.6067760179926975,0.0569271889198963,0.5541227320224186,0.021286699371824508,0.7598086134478669,0.026304872808664868,0.7224996132690228,0.013047770082652153,0.26198357010540513,0.005833019796689241
over_15,rolling_plus_table_h2h,0.95,36,0.03,balanced,3,0.5121987951807229,0.026866670706863743,0.5400362032023475,0.011855735458857946,0.5862850694978715,0.03774039079559745,0.5504575535923499,0.03015415194584095,0.7631389272745076,0.030391041541095423,0.7316970751774611,0.02376377555088782,0.2664493532468147,0.01032472715758099
over_15,rolling_plus_table_h2h,0.9,36,0.1,balanced,3,0.5219377510040161,0.04270214998485226,0.5349054811437256,0.0370462223868967,0.6048637240510458,0.045283136470990824,0.5575430374803415,0.021890643541238142,0.76055195041589,0.02338406702572887,0.7355877920357536,0.014008023594735273,0.2661918585350367,0.006383253544092295
over_15,rolling_plus_table_h2h,0.9,72,0.03,balanced,3,0.5159136546184738,0.06429227666493592,0.5120140801958984,0.06502256427853643,0.6083387944057564,0.06188587169885941,0.5516006459580127,0.03658386054969454,0.7632726370369434,0.02898562607965139,0.7426248476808782,0.023598941168620862,0.2691092988778639,0.010130670337174
over_15,rolling_plus_table_h2h,0.9,36,0.3,balanced,3,0.5345883534136546,0.02297277833389592,0.5413186198452656,0.020500734162276622,0.6213430653784116,0.02371369322857848,0.5525347519077927,0.024674440078297194,0.7538145109798079,0.018997229178851494,0.745302332584536,0.013530805359966206,0.26905450770404044,0.005852564248849465
over_15,rolling_plus_table_h2h,0.95,72,0.03,balanced,3,0.5200803212851405,0.04176049096728792,0.5313205197217736,0.05041884500269161,0.6048567806287969,0.037220954152927435,0.5520613660112094,0.044086060738238904,0.7670276880378261,0.037559710552965274,0.7477866674185902,0.02626600667806383,0.27179228712156694,0.011049412148462185
over_15,rolling_plus_table_h2h,0.95,36,0.1,balanced,3,0.5037148594377511,0.025099999996787106,0.5271418468910632,0.012787891943349181,0.5807788632927957,0.03333223355418988,0.5421265951046516,0.04258079483235679,0.7590422339549975,0.031995196427013387,0.7485681524864253,0.029594819660596842,0.27263557538695965,0.012613299201173128
over_15,rolling_plus_table_h2h,0.95,36,0.3,balanced,3,0.49939759036144576,0.03450340317837976,0.5100429583188203,0.029184865936049294,0.5844575495939973,0.03782615122532637,0.5335143493450704,0.04590875140231875,0.7519074547816619,0.03112428413142694,0.7624679158620523,0.03173166703331486,0.27747487821128725,0.013300370957508382
over_15,rolling_plus_table_h2h,0.9,72,0.1,balanced,3,0.5427710843373493,0.03237729982127967,0.5493229051222782,0.03495238377720969,0.6288826851495315,0.031951165349823125,0.5502169025679997,0.043693336761645024,0.7629703536282122,0.03103806211489687,0.7717776002959355,0.02925624093546175,0.277018962589509,0.011289577174863959
over_15,rolling_plus_table_h2h,0.95,72,0.1,balanced,3,0.5157630522088353,0.04488058496705865,0.5212997266288802,0.053701577432778674,0.603269611983876,0.04303162817643142,0.5439019241527078,0.04934028489468555,0.7632727497762032,0.03485859034149008,0.77843421982847,0.028966701607145432,0.2812403502528453,0.011535758129848063
over_15,rolling_plus_table_h2h,0.9,72,0.3,balanced,3,0.5324297188755021,0.03480020194739895,0.535169880624426,0.04107368319111597,0.621017189438242,0.03381351113985005,0.5524292032129022,0.0488683464178497,0.7645755216964089,0.029366928611779895,0.801623204180045,0.03850998893508987,0.28402113659027733,0.012647848648834333
over_15,rolling_plus_table_h2h,0.95,72,0.3,balanced,3,0.5219377510040161,0.047330120219533374,0.523174799193608,0.06504288090194921,0.6122229244201015,0.03948431195113775,0.5402731600223762,0.04877466201349129,0.7613071392314915,0.02927863230186135,0.8126721167663241,0.027629388327466996,0.2909386424640593,0.01129948818039314
over_15,rolling_plus_table_h2h,0.9,all,0.03,balanced,3,0.5508032128514057,0.07128542338311451,0.5454281582808229,0.06659305347774862,0.6407952069716775,0.07017377280845617,0.5483101653948049,0.0738825741249417,0.7425740540655573,0.04580212059400734,0.8569031037231739,0.09626956583453021,0.2967409678405721,0.03732789318991531
over_15,rolling_plus_table_h2h,0.95,all,0.03,balanced,3,0.5404618473895583,0.07289533468524503,0.5406795224977042,0.08087481076841599,0.6290401760970434,0.06697329350338795,0.5484326018808777,0.07697643071340222,0.746286443821878,0.05120070572406973,0.8659519817968757,0.09848386617448224,0.2985179312479619,0.036695492687951706
over_15,rolling_plus_table_h2h,0.9,all,0.1,balanced,3,0.5443273092369477,0.09359026636062269,0.5292090180804915,0.09326348453807229,0.6388901846755091,0.0880562218827029,0.5372977423134163,0.07707615236763145,0.7433906746299801,0.05627731654648042,1.017671432192783,0.1370733063912531,0.32295412108417626,0.04389829601561204
over_15,rolling_plus_table_h2h,0.95,all,0.1,balanced,3,0.5298192771084337,0.07865118623789137,0.5215868190789821,0.07221975834960014,0.621732702089845,0.07830742627964074,0.5348812049439009,0.07942527341749239,0.7409737770825909,0.053969703080306644,1.0355126204001517,0.13619121016488717,0.32576045015232863,0.04299273726804518
over_15,rolling_plus_table_h2h,0.9,all,0.3,balanced,3,0.5298192771084338,0.08562617841501984,0.5051539427714976,0.0773448495553511,0.6299812688562564,0.0839330744460569,0.5214522444929969,0.08501387495159823,0.7345913873807746,0.058404784741530304,1.2822933787083355,0.18888575308907016,0.34976842848111467,0.05215891283332072
over_15,rolling_plus_table_h2h,0.95,all,0.3,balanced,3,0.5443273092369477,0.06462046598500329,0.522230138374339,0.05480856847956199,0.6427078420029962,0.06404620351695342,0.5300808503002861,0.08568464299708632,0.7375866482278385,0.05647176918142926,1.3125220825342017,0.1837244007797868,0.35126789757364546,0.0504819676039381
over_25,rolling_plus_table_h2h,0.95,36,0.03,balanced,3,0.5720883534136546,0.030894261144872117,0.5733530675211801,0.028042880398752697,0.5482093419202013,0.027280347127483697,0.5773030585179363,0.03259765513874872,0.543363168494011,0.023168665258449548,0.7026202974450474,0.0072202122942441735,0.2530277303729232,0.004393726340379363
over_25,rolling_plus_table_h2h,0.9,36,0.03,balanced,3,0.569929718875502,0.015399950430129025,0.5717007852743925,0.012824681312726663,0.5506085312536925,0.014790146017751164,0.5829933994502935,0.026841237820813466,0.5410270312318394,0.020571839670159606,0.7041187216039736,0.011133569309818705,0.25355580376153347,0.005698229158445286
over_25,rolling_plus_table_h2h,0.95,36,0.1,balanced,3,0.5886044176706827,0.02653291732324644,0.5898848732740717,0.02475573518838374,0.5685599913448015,0.034486594821377184,0.5750906839132053,0.02576387428292443,0.5378828349988232,0.018464138950145932,0.717741908263085,0.0083433822568031,0.25825687820393756,0.0032037068004946347
over_25,rolling_plus_table_h2h,0.9,36,0.1,balanced,3,0.5636044176706827,0.011585188182173254,0.5663447993239011,0.010706757575170322,0.5507951963648167,0.008721213140243038,0.5821300046496473,0.02050788707527465,0.543077464826711,0.022109687338234846,0.7196762928721601,0.010703643001864781,0.258973833024635,0.004387450275107928
over_25,rolling_plus_table_h2h,0.95,72,0.03,balanced,3,0.5330321285140562,0.01200376682114769,0.5324091305671984,0.014186661663301587,0.5010456605088881,0.02021960843478886,0.5733006059087346,0.01337349297100276,0.5546752352071054,0.015349713925473471,0.7305707732546596,0.0014132274701599,0.26380288789561623,0.0011348947325280853
over_25,rolling_plus_table_h2h,0.95,36,0.3,balanced,3,0.5700803212851406,0.02156555457162064,0.5714080795022346,0.020087634931921235,0.5503603150661974,0.028565835324227174,0.571688625839494,0.025442059910466445,0.535514967217905,0.019912950616262585,0.7306989045284867,0.016645743318576774,0.2626032162904524,0.00434432805601712
over_25,rolling_plus_table_h2h,0.9,36,0.3,balanced,3,0.5595883534136546,0.006952040973382239,0.5627605699332201,0.0059753423963705265,0.5484745212593314,0.007629430625693958,0.5765891358592607,0.017487593526295083,0.5357823925256343,0.017576298778268145,0.7314467468693887,0.015254184880508122,0.2629065646223366,0.004313542263567643
over_25,rolling_plus_table_h2h,0.9,72,0.03,balanced,3,0.5140562248995983,0.02234550477216494,0.5142707779677914,0.020702530996133305,0.48678268931433494,0.015840049345352526,0.5662349928661645,0.018023464972763602,0.5371152629928929,0.0008841351543940256,0.7370169535801817,0.009093420432923539,0.26617365279826877,0.004038909661641333
over_25,rolling_plus_table_h2h,0.95,72,0.1,balanced,3,0.5307228915662651,0.03167022222464591,0.5306347841682979,0.03303423029691639,0.5021067821067821,0.03241082750623976,0.5685432148538536,0.012945992812017372,0.5547288959667557,0.017867064692315745,0.7582750865224064,0.007813056607233226,0.2729304127817531,0.0015165777200316403
over_25,rolling_plus_table_h2h,0.9,72,0.1,balanced,3,0.5222389558232932,0.023180489280968778,0.5244512200495517,0.02169758845471116,0.5017868745938922,0.019991729416660522,0.5621315819774589,0.01796539839713731,0.5383150519674862,0.013111572610789263,0.7668283404514987,0.008937010131584398,0.2758952217451491,0.0038191684138472338
over_25,rolling_plus_table_h2h,0.95,72,0.3,balanced,3,0.5325803212851405,0.04072587924608984,0.5325111410126984,0.04195234817825765,0.4981477564259021,0.04794201447345355,0.565223231167208,0.017381093155794353,0.5526600350930939,0.018416042061085314,0.78237396860068,0.016471064342752157,0.2797760232622764,0.0027797643518919176
over_25,rolling_plus_table_h2h,0.9,72,0.3,balanced,3,0.5120481927710844,0.026589181348155216,0.5134580540883419,0.027868676678541166,0.48747821540606484,0.03174574888444979,0.5633990757231006,0.019545331652335542,0.5454529846514674,0.0152920939825626,0.7912275670152166,0.010704544991542412,0.2828042252293237,0.003843703552250672
over_25,rolling_plus_table_h2h,0.9,all,0.03,balanced,3,0.5528112449799196,0.05668859992390783,0.5526479668089661,0.05735584885675412,0.5228513742944984,0.055829217702778385,0.5405508504399464,0.07711523341875373,0.5105230841450674,0.05659929635437773,0.8669192090429263,0.0733415456786143,0.3010286973748543,0.02946776064338718
over_25,rolling_plus_table_h2h,0.95,all,0.03,balanced,3,0.5464859437751004,0.0630615208763255,0.5465951167469765,0.06432705858699028,0.5190143652082267,0.06262580469673983,0.5338169313897626,0.08111422361497457,0.5066793963340351,0.0642624393770835,0.8771615400890683,0.07372114096241002,0.30422501332973156,0.02923588969376895
over_25,rolling_plus_table_h2h,0.9,all,0.1,balanced,3,0.5358433734939759,0.08531313022168845,0.5378281328649392,0.08814023717048051,0.5165122649785227,0.08800732572950688,0.5290065753180764,0.08612696621523161,0.4942376342113268,0.05981478219862033,1.0607699391769845,0.08983693867851715,0.3335991554438777,0.0381598280674725
over_25,rolling_plus_table_h2h,0.95,all,0.1,balanced,3,0.5380020080321285,0.07762638359315172,0.5400269957387102,0.07975134494888791,0.5250806361917473,0.0710339002111327,0.5253304505055365,0.08779544317978774,0.4998300891145333,0.06393094987360982,1.0787749722138622,0.09451910394887458,0.33846656791156016,0.0382671307977671
over_25,rolling_plus_table_h2h,0.9,all,0.3,balanced,3,0.5046686746987952,0.09762963102519263,0.5056451719277884,0.0985866964226031,0.4922309834617293,0.0840720402646944,0.5187489722617925,0.08838518121166074,0.4863574663038757,0.05754890245789843,1.3775987651617951,0.1002434355699071,0.36638750526828073,0.047345123297204784
over_25,rolling_plus_table_h2h,0.95,all,0.3,balanced,3,0.5150100401606426,0.10028223325209366,0.5159028950887373,0.10080400379531,0.5025300029520734,0.08317259627225963,0.5171993322163074,0.0881389736213973,0.49049846281059967,0.0608764055471871,1.400638736139089,0.1149602633594129,0.37145726762194115,0.04759478251636129
btts,rolling_plus_table,0.95,36,0.03,balanced,3,0.532429718875502,0.0299758912391233,0.5341277771525077,0.02885613177515548,0.5298109375619475,0.024471639121216707,0.5473148170932015,0.005921233618805772,0.5575646350336259,0.016634950936672808,0.7120402648393803,0.005777183044784715,0.2584785476126476,0.001806784498068024
btts,rolling_plus_table,0.9,36,0.03,balanced,3,0.5347389558232932,0.017142379873365875,0.5346636412742943,0.01681901824794644,0.5458137561137797,0.019769966360460238,0.5338049290846848,0.00716251811542042,0.5500899918023543,0.010967493838351173,0.7158141503442647,0.006324258706399556,0.26019061137856814,0.002261634578843915
btts,rolling_plus_table,0.95,36,0.1,balanced,3,0.5140562248995983,0.02234550477216494,0.5155530224490276,0.02108507031136366,0.5132738747196579,0.03271591850929821,0.5368578671966605,0.007023358729776257,0.5529754837577731,0.015609904390840841,0.7273275717189452,0.009215356312086044,0.26505444033961095,0.0027983541049289725
btts,rolling_plus_table,0.9,72,0.03,balanced,3,0.5308734939759036,0.025521073257976992,0.5331883087907184,0.028433447291238128,0.5292252219287312,0.019782046282151796,0.5241015773696592,0.007004904768255342,0.54300905243838,0.01366746879285437,0.7290511177709362,0.009456069070117477,0.2660612281640256,0.003574660209897003
btts,rolling_plus_table,0.95,72,0.03,balanced,3,0.5310240963855422,0.03195895266193019,0.5329601233215691,0.034628718193270853,0.5311226538191308,0.031123229292270377,0.5243114709774946,0.005363580130797371,0.5463251486933759,0.003028783769434203,0.7304062761655365,0.014348725299541164,0.2666001545858739,0.005524720521020852
btts,rolling_plus_table,0.9,36,0.1,balanced,3,0.5183734939759036,0.013159123437243805,0.5184513401063814,0.011671873165758653,0.5251465013303064,0.029182043049157246,0.5279665331488032,0.00913817296433025,0.5462089783744504,0.010053801103100574,0.7306758942822985,0.012198344269601109,0.2664199714990289,0.004279052480523087
btts,rolling_plus_table,0.95,36,0.3,balanced,3,0.4955321285140562,0.025344296987370445,0.49780453933909863,0.023631371448577673,0.4922911615081063,0.04758539422338084,0.53148449846036,0.012287855623781957,0.5475541872537032,0.017553415836614985,0.738987450212119,0.01502911823502255,0.2699863762225197,0.005208287083119995
btts,rolling_plus_table,0.9,36,0.3,balanced,3,0.516516064257028,0.0060018834105738435,0.5172309195771466,0.0043653528525144465,0.5196165313517729,0.03190970155799652,0.5235948722322882,0.013647773812299082,0.5440247805312448,0.011453127621025534,0.7426840446713966,0.01903273425803659,0.2713262992319385,0.006798706116235333
btts,rolling_plus_table,0.9,72,0.1,balanced,3,0.527008032128514,0.025235479910222715,0.5295421451889429,0.028365094560462305,0.5271682134068388,0.021676116921448742,0.5172847087932922,0.010374119090317532,0.5382203455372822,0.008884951788412384,0.7504656703860828,0.012319340762843847,0.2749267490348996,0.004483272830473185
btts,rolling_plus_table,0.95,72,0.1,balanced,3,0.5163654618473895,0.021131735784216,0.5183768033324152,0.023759706857149062,0.5196272624059721,0.010519784717563504,0.5168334095619013,0.015244432678212988,0.5421314001249655,0.006493250743630635,0.7575449623485574,0.020983085435839394,0.2774974269659292,0.007328012115351843
btts,rolling_plus_table,0.9,72,0.3,balanced,3,0.5209839357429719,0.025489751347379408,0.523698423983776,0.0286462916527276,0.5156988645853969,0.030874130206412026,0.5121728163829989,0.013464003822185103,0.5400748829836715,0.010542685692664987,0.7670725521016327,0.017425685057365612,0.2814000974203567,0.006541820648497954
btts,rolling_plus_table,0.95,72,0.3,balanced,3,0.49969879518072285,0.020044647025805235,0.5026208731028008,0.01986885666578742,0.49446386946386944,0.019556528418573575,0.5109166975323739,0.019038310014269293,0.5377885129527259,0.007634035136755678,0.7817464063442116,0.026811665612149146,0.2865250601847961,0.008712138913578383
btts,rolling_plus_table,0.9,all,0.03,balanced,3,0.4623493975903615,0.040640519040415705,0.46602019073483886,0.03642333587676055,0.45808701443897326,0.06516050296808015,0.47375556904286914,0.045876401464741604,0.5280336159069005,0.02878254006024817,0.8566541505987096,0.04038554814037002,0.3093687175889528,0.015820671745069376
btts,rolling_plus_table,0.95,all,0.03,balanced,3,0.4871987951807229,0.04423525464951224,0.4917920333265926,0.03903743527580369,0.47775964029128587,0.07235827389337707,0.48409025203361716,0.040013477855903735,0.531976441519315,0.0263673850666563,0.8577087704724974,0.04485627776087231,0.3086401885731409,0.01586082112477254
btts,rolling_plus_table,0.9,all,0.1,balanced,3,0.45818273092369477,0.05221863323262068,0.4607291854438335,0.04874874921133012,0.4663090917348991,0.07657992296060576,0.4721839673765322,0.05538531437480232,0.534928849910062,0.04256171090598226,1.0016655440378772,0.06560694442228142,0.3432374467980417,0.02139629882464515
btts,rolling_plus_table,0.95,all,0.1,balanced,3,0.4621987951807229,0.056495110522445546,0.4651629606448884,0.053195513146887675,0.4673907584128578,0.08178582899820744,0.4820115658050466,0.051426390895167616,0.5390361638463713,0.042126357273859646,1.004469521107321,0.07480318501982408,0.34163595173738354,0.01994076961985969
btts,rolling_plus_table,0.9,all,0.3,balanced,3,0.4518574297188755,0.053322091780492145,0.4548007096358397,0.05022876559261986,0.45303030303030295,0.0742578833626839,0.47218920812502496,0.05823817152897374,0.5374801817947028,0.044799381599616224,1.2086526671905664,0.11382578274896442,0.37554964217513714,0.023646244459086967
btts,rolling_plus_table,0.95,all,0.3,balanced,3,0.4538654618473896,0.05583218595199017,0.4563847018666296,0.05372647700733815,0.4564388625748849,0.07247519523998408,0.4851389104646586,0.0534027988240352,0.5445318502243831,0.046198721627540344,1.2186336501467685,0.1328645561535841,0.3741134829921333,0.02151359411420988
