feature,coef_abs_sum,importance_pct
home_ga_rolling5_local,0.15774929617705907,2.018212384732977
home_sot_allowed_rolling5_local,0.15661263093886385,2.0036701210486676
away_sot_pct_rolling3_away,0.14866753560880522,1.9020221886546569
_sh_season_avg_away,0.14338204328393706,1.8344006757352773
_poss_season_avg_local,0.14180985193513684,1.8142863796451243
_sot_season_avg_local,0.14085936121619058,1.8021259948634516
_winrate_rolling3_away,0.13927432837078058,1.781847407279615
_poss_rolling3_local,0.13504620921571192,1.7277537114617367
away_sot_allowed_pct_rolling3_away,0.13372186500489858,1.710810321204623
home_winrate_rolling5_local,0.1267910411235996,1.6221387712666722
home_ga_rolling3_local,0.1210273632646231,1.5483994499606588
_sot_season_avg_away,0.11923210185402663,1.5254312409067672
home_winrate_rolling3_local,0.11921936332643145,1.525268266777697
_poss_rolling5_local,0.11875192357989417,1.5192879378098954
away_ga_rolling3_away,0.11768378015672573,1.5056223282791246
_ga_season_avg_away,0.11760191528972201,1.504574965834629
_gf_rolling3_away,0.11738702998113884,1.5018257669374566
_sot_rolling3_away,0.11690511768114614,1.4956602790666975
_sot_allowed_season_avg_local,0.11688304520530511,1.495377888303736
_gf_season_avg_away,0.11217088764084199,1.435091503604191
_sh_season_avg_local,0.11009842008936022,1.40857677561033
home_gf_rolling3_local,0.10839278553463665,1.3867552343065392
_sot_allowed_pct_rolling3_local,0.105304657321945,1.3472463505553103
_sot_allowed_rolling3_away,0.10122094405410176,1.2950001542641463
away_sot_rolling5_away,0.10096300644781586,1.2917001530336476
_sot_rolling5_local,0.0995679016960005,1.2738514668185705
_sot_pct_rolling5_local,0.09763272189960535,1.2490931704177672
_sot_allowed_pct_rolling3_away,0.09721902180097787,1.2438003755663845
_winrate_rolling5_away,0.09612749113491842,1.229835554410641
_sh_allowed_season_avg_local,0.0949233829138815,1.2144304389321676
_sot_pct_rolling3_away,0.09385585226952087,1.20077266916873
away_ga_rolling5_away,0.09173204651035266,1.1736011305958445
_sh_allowed_rolling3_away,0.09050418370802968,1.1578921038397456
_gf_season_avg_local,0.08938129979385266,1.1435261556096763
home_gf_rolling5_local,0.08886087432880128,1.1368679381446791
_winrate_rolling3_local,0.08862628467709727,1.1338666458925233
home_gf_season_avg_local,0.0883950191493901,1.130907881806143
home_sot_pct_rolling3_local,0.08749534094059619,1.1193975819362518
_ga_rolling5_local,0.08565971665646249,1.0959129784943633
home_sot_pct_rolling5_local,0.08556939715686468,1.0947574492014365
_sot_pct_season_avg_local,0.0839823126861226,1.074452613540719
away_sot_rolling3_away,0.08292163975255495,1.06088257993325
_sot_allowed_pct_rolling5_away,0.08218843228877133,1.051502072889175
_ga_rolling3_away,0.08211343614817096,1.0505425875321248
_ga_rolling5_away,0.08098018022635127,1.0360439419475425
_sh_allowed_rolling3_local,0.08016747905261914,1.0256464085596775
away_sot_season_avg_away,0.07927382542158018,1.0142131859112538
away_gf_rolling3_away,0.07687480803041091,0.9835206457390732
_sot_pct_rolling5_away,0.07624193690355936,0.9754238213658087
_sh_allowed_season_avg_away,0.07462302137373258,0.9547117456145122
_poss_rolling5_away,0.07439807377656887,0.9518338118454629
diff_table_gf_prev,0.07433614615420366,0.9510415224505596
_sot_allowed_pct_season_avg_away,0.07417158531279937,0.9489361645427092
home_sot_allowed_pct_season_avg_local,0.07374416509107659,0.9434678372292357
_gf_rolling3_local,0.07260778276645626,0.928929193083615
home_sot_season_avg_local,0.07160373252284435,0.9160835786456444
_sot_rolling3_local,0.06800048659999575,0.8699843837651209
_winrate_season_avg_local,0.06684709061806045,0.8552280703510166
_poss_rolling3_away,0.061659502552946305,0.7888591246020914
_sot_pct_rolling3_local,0.06105072205488371,0.7810705108298005
home_sot_allowed_season_avg_local,0.0602523098389742,0.7708557874597383
_sot_allowed_season_avg_away,0.05950182773624486,0.7612542722013198
home_sot_allowed_rolling3_local,0.05902477171744054,0.7551509146035679
away_winrate_season_avg_away,0.058820551910906724,0.7525381679686053
away_sot_allowed_rolling3_away,0.058398223792991255,0.7471349879947227
away_winrate_rolling5_away,0.05780510964813753,0.7395468063564316
diff_table_ppg_prev,0.05680596364200148,0.7267639357344483
away_gf_season_avg_away,0.05523536518236017,0.7066700187439546
_sot_allowed_pct_rolling5_local,0.0550809967398358,0.7046950603126666
_ga_season_avg_local,0.05275748686386192,0.6749685479200122
_gf_rolling5_local,0.05204313811975807,0.6658293154967457
_sot_allowed_rolling5_local,0.04939485703814442,0.6319477464077295
_sh_rolling3_local,0.04903764331476496,0.627377626743222
diff_table_gd_prev,0.048073433603882734,0.6150417239712811
_ga_rolling3_local,0.04575455242712281,0.585374430214178
away_winrate_rolling3_away,0.04458832131563779,0.5704539067652609
home_sot_pct_season_avg_local,0.044153952325216156,0.5648966783195064
home_sot_rolling5_local,0.043675953162354425,0.558781254328665
_sot_pct_season_avg_away,0.04182371717923833,0.5350841241913795
away_sot_allowed_pct_rolling5_away,0.04169827519324467,0.5334792449568393
_winrate_rolling5_local,0.04127779209558184,0.5280996697965069
_sh_rolling5_local,0.040648889529395354,0.5200536183805736
home_sot_rolling3_local,0.039627561191584046,0.5069869515224473
_poss_season_avg_away,0.039018952155242564,0.49920053139651455
home_sot_allowed_pct_rolling3_local,0.038156364865176824,0.48816476519081337
_sh_rolling5_away,0.038070895634925474,0.48707128925661164
away_ga_season_avg_away,0.03802552474088049,0.4864908232736432
_gf_rolling5_away,0.03582715892552566,0.4583653785189302
home_sot_allowed_pct_rolling5_local,0.035270698459499886,0.451246136586548
_sh_allowed_rolling5_local,0.03396674351794084,0.4345636024899493
_sot_rolling5_away,0.0333517355009569,0.42669531510821734
away_sot_allowed_pct_season_avg_away,0.027080054385860215,0.3464567035496777
_sh_allowed_rolling5_away,0.026582489171092013,0.3400909554735
_sh_rolling3_away,0.024868900487275143,0.3181676506611871
diff_table_ga_prev,0.024003639399120272,0.30709767642699687
_sot_allowed_rolling3_local,0.023896749476666077,0.3057301485170271
away_sot_allowed_rolling5_away,0.0238868960686016,0.30560408601995437
diff_table_pts_prev,0.02373726717618685,0.30368976442801277
_sot_allowed_pct_season_avg_local,0.02363971372122497,0.30244168538266114
diff_table_mp_prev,0.023341867513189077,0.2986311016249429
away_sot_allowed_season_avg_away,0.02287992584352949,0.292721113933557
diff_table_rank_prev,0.02209449161743406,0.2826724283234497
away_sot_pct_season_avg_away,0.0212715640588308,0.27214406064916846
_sot_allowed_rolling5_away,0.02066973908029795,0.26444443437791476
away_sot_pct_rolling5_away,0.0205900829640817,0.2634253302413935
away_gf_rolling5_away,0.01606770674693736,0.20556696946862507
_winrate_season_avg_away,0.01022757070649605,0.1308494577523468
home_winrate_season_avg_local,0.008597422618238216,0.10999367493491959
home_ga_season_avg_local,0.005589938371344547,0.07151653366667958
