player_id,player,team,partidos,minutes,goals,assists,shots,sot,key_passes,big_chances_created,big_chances_missed,touches,passes,passes_acc,long_balls,long_balls_acc,crosses,crosses_acc,dribbles,dribbles_won,interceptions,clearances,tackles_won,tackles_total,aerial_won,ball_recovery,duel_won,duel_lost,blocked_shots,fouls,was_fouled,offsides,saves,g_per90,a_per90,ga_per90,sh_per90,kp_per90,bcc_per90,crosses_per90,int_per90,clr_per90,rec_per90,saves_per90,fouls_per90,fouled_per90,pass_acc_pct,long_ball_pct,cross_acc_pct,dribble_win_pct,tackle_acc_pct,duel_win_pct,aerial_win_pct,conv_rate,sot_rate
1985127,Ian Alegría,Palestino,1,19,0,1,0,0,1,1,0,13,6,3,0,0,2,1,3,0,0,0,0,0,0,1,0,3,0,0,0,0,0,0.0,4.74,4.74,0.0,4.74,4.74,9.47,0.0,0.0,4.74,0.0,0.0,0.0,50.0,,50.0,0.0,,0.0,0.0,,
868786,Joe Abrigo,Palestino,1,45,0,1,1,0,1,1,0,21,15,13,2,1,3,0,1,0,0,0,0,0,0,3,0,1,0,0,0,0,0,0.0,2.0,2.0,2.0,2.0,2.0,6.0,0.0,0.0,6.0,0.0,0.0,0.0,86.7,50.0,0.0,0.0,,0.0,0.0,0.0,0.0
1644853,Flavio Moya,Deportes Limache,6,106,1,1,3,3,1,1,0,63,37,27,4,2,2,0,2,1,1,4,1,3,2,5,9,9,0,2,3,0,0,0.85,0.85,1.7,2.55,0.85,0.85,1.7,0.85,3.4,4.25,0.0,1.7,2.55,73.0,50.0,0.0,50.0,33.3,50.0,18.2,33.3,100.0
1997136,Yastin Cuevas,Colo-Colo,8,124,1,1,9,3,3,1,2,48,27,21,0,0,0,0,1,0,0,0,1,1,0,5,2,6,0,2,1,1,0,0.73,0.73,1.45,6.53,2.18,0.73,0.0,0.0,0.0,3.63,0.0,1.45,0.73,77.8,,,0.0,100.0,25.0,0.0,11.1,33.3
973986,Cristián Zavala,Coquimbo Unido,6,249,2,2,4,4,8,2,1,138,82,61,11,6,11,2,7,5,0,3,1,4,1,13,13,15,0,4,3,0,0,0.72,0.72,1.45,1.45,2.89,0.72,3.98,0.0,1.08,4.7,0.0,1.45,1.08,74.4,54.5,18.2,71.4,25.0,46.4,6.2,50.0,100.0
1086986,Franco Frías,Cobresal,5,139,2,0,8,5,2,0,1,53,28,23,1,1,1,0,2,1,0,0,3,3,1,2,7,11,0,2,2,0,0,1.29,0.0,1.29,5.18,1.29,0.0,0.65,0.0,0.0,1.29,0.0,1.29,1.29,82.1,100.0,0.0,50.0,100.0,38.9,8.3,25.0,62.5
925992,Daniel Castro,Deportes Limache,11,954,8,5,40,28,12,3,6,399,246,177,19,11,16,4,23,10,4,1,3,3,5,40,26,45,0,11,8,3,0,0.75,0.47,1.23,3.77,1.13,0.28,1.51,0.38,0.09,3.77,0.0,1.04,0.75,72.0,57.9,25.0,43.5,100.0,36.6,10.0,20.0,70.0
995284,Luis Rojas,Universidad de Concepción,1,75,1,0,2,2,1,0,0,41,27,22,5,1,5,0,4,3,0,0,0,0,0,4,3,4,0,1,0,0,0,1.2,0.0,1.2,2.4,1.2,0.0,6.0,0.0,0.0,4.8,0.0,1.2,0.0,81.5,20.0,0.0,75.0,,42.9,0.0,50.0,100.0
828952,Fernando Zampedri,Universidad Católica,11,981,11,1,31,28,5,2,5,282,150,104,8,6,5,1,10,5,1,8,2,2,12,16,32,43,1,14,13,12,0,1.01,0.09,1.1,2.84,0.46,0.18,0.46,0.09,0.73,1.47,0.0,1.28,1.19,69.3,75.0,20.0,50.0,100.0,42.7,21.8,35.5,90.3
1385794,Maximiliano Gutiérrez,Huachipato,3,259,3,0,8,9,5,2,2,126,51,41,5,2,19,6,10,4,2,5,3,4,0,12,12,14,0,4,4,1,0,1.04,0.0,1.04,2.78,1.74,0.69,6.6,0.69,1.74,4.17,0.0,1.39,1.39,80.4,40.0,31.6,40.0,75.0,46.2,0.0,37.5,112.5
818816,Jean Meneses,Deportes Limache,11,963,4,7,13,11,35,10,1,658,440,347,37,23,33,12,35,17,8,7,11,15,3,78,53,61,0,8,18,2,0,0.37,0.65,1.03,1.21,3.27,0.93,3.08,0.75,0.65,7.29,0.0,0.75,1.68,78.9,62.2,36.4,48.6,73.3,46.5,4.7,30.8,84.6
906110,Diego Valencia,Universidad Católica,5,88,0,1,1,0,1,1,0,39,16,8,1,0,2,0,2,1,0,2,1,2,5,0,10,7,0,0,2,0,0,0.0,1.02,1.02,1.02,1.02,1.02,2.05,0.0,2.05,0.0,0.0,0.0,2.05,50.0,0.0,0.0,50.0,50.0,58.8,41.7,0.0,0.0
1183778,Daniel Barrea,Universidad de Concepción,2,96,1,0,2,3,0,0,0,41,20,14,0,0,1,0,7,4,1,0,0,1,1,5,7,16,0,1,1,0,0,0.94,0.0,0.94,1.88,0.0,0.0,0.94,0.94,0.0,4.69,0.0,0.94,0.94,70.0,,0.0,57.1,0.0,30.4,5.9,50.0,150.0
581780,Javier Correa,Colo-Colo,8,381,4,0,23,16,4,0,1,163,72,40,6,2,0,0,16,8,2,2,4,5,10,10,24,38,0,1,1,5,0,0.94,0.0,0.94,5.43,0.94,0.0,0.0,0.47,0.47,2.36,0.0,0.24,0.24,55.6,33.3,,50.0,80.0,38.7,20.8,17.4,69.6
923802,Thiago Vecino,O'Higgins,10,386,4,0,12,10,3,0,0,143,86,60,5,3,0,0,4,2,2,0,0,1,14,11,19,48,0,8,3,0,0,0.93,0.0,0.93,2.8,0.7,0.0,0.0,0.47,0.0,2.56,0.0,1.87,0.7,69.8,60.0,,50.0,0.0,28.4,22.6,33.3,83.3
1411686,Martín Maturana,O'Higgins,6,206,1,1,3,2,3,1,0,138,101,76,8,2,1,0,5,1,0,4,3,4,1,5,8,15,1,2,2,0,0,0.44,0.44,0.87,1.31,1.31,0.44,0.44,0.0,1.75,2.18,0.0,0.87,0.87,75.2,25.0,0.0,20.0,75.0,34.8,6.2,33.3,66.7
340455,Claudio Aquino,Colo-Colo,10,522,2,3,17,9,14,6,0,485,351,275,33,22,22,6,15,6,2,0,4,5,2,34,23,32,0,4,10,1,0,0.34,0.52,0.86,2.93,2.41,1.03,3.79,0.34,0.0,5.86,0.0,0.69,1.72,78.3,66.7,27.3,40.0,80.0,41.8,5.9,11.8,52.9
1002941,Joan Cruz,Unión La Calera,4,105,0,1,3,1,4,0,0,93,65,48,8,4,4,1,3,1,1,0,2,4,0,7,6,12,0,4,1,0,0,0.0,0.86,0.86,2.57,3.43,0.0,3.43,0.86,0.0,6.0,0.0,3.43,0.86,73.8,50.0,25.0,33.3,50.0,33.3,0.0,0.0,33.3
787710,Kevin Méndez,Unión La Calera,10,848,3,5,15,8,32,7,1,566,257,178,15,7,110,33,44,21,10,6,16,22,5,51,64,64,0,5,16,1,0,0.32,0.53,0.85,1.59,3.4,0.74,11.67,1.06,0.64,5.41,0.0,0.53,1.7,69.3,46.7,30.0,47.7,72.7,50.0,7.2,20.0,53.3
995388,Clemente Montes,Universidad Católica,7,430,2,2,15,9,3,2,2,209,99,73,7,2,21,3,14,4,4,6,3,4,10,14,23,33,2,13,5,4,0,0.42,0.42,0.84,3.14,0.63,0.42,4.4,0.84,1.26,2.93,0.0,2.72,1.05,73.7,28.6,14.3,28.6,75.0,41.1,23.3,13.3,60.0
1973053,Benjamín Valenzuela,Cobresal,6,222,1,1,2,3,4,0,0,143,72,55,11,6,6,1,6,1,1,9,2,3,1,14,8,26,3,3,3,0,0,0.41,0.41,0.81,0.81,1.62,0.0,2.43,0.41,3.65,5.68,0.0,1.22,1.22,76.4,54.5,16.7,16.7,66.7,23.5,3.7,50.0,150.0
883928,Nelson Da Silva,Palestino,10,673,5,1,31,18,6,1,7,232,136,84,1,0,4,0,5,4,0,10,4,4,33,6,45,43,0,7,4,3,0,0.67,0.13,0.8,4.15,0.8,0.13,0.53,0.0,1.34,0.8,0.0,0.94,0.53,61.8,0.0,0.0,80.0,100.0,51.1,43.4,16.1,58.1
871813,Marcos Arturia,Deportes Limache,11,224,1,1,10,5,3,1,1,119,48,29,5,2,0,0,4,3,0,6,4,5,6,8,24,32,0,4,10,1,0,0.4,0.4,0.8,4.02,1.21,0.4,0.0,0.0,2.41,3.21,0.0,1.61,4.02,60.4,40.0,,75.0,80.0,42.9,15.8,10.0,50.0
983528,Francisco González,O'Higgins,11,793,3,4,20,9,25,4,2,495,273,237,17,11,86,28,28,11,2,5,4,6,9,33,48,42,0,5,22,2,0,0.34,0.45,0.79,2.27,2.84,0.45,9.76,0.23,0.57,3.75,0.0,0.57,2.5,86.8,64.7,32.6,39.3,66.7,53.3,17.6,15.0,45.0
932866,Justo Giani,Universidad Católica,11,957,6,2,41,19,13,3,5,495,286,211,14,8,17,2,19,10,5,4,7,12,19,38,58,59,2,11,17,12,0,0.56,0.19,0.75,3.86,1.22,0.28,1.6,0.47,0.38,3.57,0.0,1.03,1.6,73.8,57.1,11.8,52.6,58.3,49.6,24.4,14.6,46.3
936901,Sebastián Sáez,Unión La Calera,11,962,7,1,30,19,5,1,1,456,289,183,40,25,7,2,19,7,2,11,10,16,26,28,55,62,1,8,7,7,0,0.65,0.09,0.75,2.81,0.47,0.09,0.65,0.19,1.03,2.62,0.0,0.75,0.65,63.3,62.5,28.6,36.8,62.5,47.0,29.5,23.3,63.3
973560,Matías Palavecino,Universidad Católica,11,746,2,4,19,9,19,8,0,558,389,317,41,17,42,15,20,13,3,2,8,8,8,53,39,31,0,10,10,0,0,0.24,0.48,0.72,2.29,2.29,0.97,5.07,0.36,0.24,6.39,0.0,1.21,1.21,81.5,41.5,35.7,65.0,100.0,55.7,20.5,10.5,47.4
247073,César Fuentes,Deportes Limache,5,129,1,0,4,2,1,0,0,98,68,58,5,4,2,0,1,0,2,3,2,3,1,6,4,7,1,2,0,0,0,0.7,0.0,0.7,2.79,0.7,0.0,1.4,1.4,2.09,4.19,0.0,1.4,0.0,85.3,80.0,0.0,0.0,66.7,36.4,12.5,25.0,50.0
1801194,Vicente Álvarez,Deportes Limache,7,263,2,0,5,4,4,0,0,98,44,37,1,1,7,0,10,2,4,2,2,5,0,11,9,18,0,3,2,3,0,0.68,0.0,0.68,1.71,1.37,0.0,2.4,1.37,0.68,3.76,0.0,1.03,0.68,84.1,100.0,0.0,20.0,40.0,33.3,0.0,40.0,80.0
805095,Jeisson Vargas,Deportes La Serena,11,928,5,2,31,16,17,3,0,583,362,292,27,17,59,14,28,16,1,2,1,5,1,75,35,44,1,1,13,3,0,0.48,0.19,0.68,3.01,1.65,0.29,5.72,0.1,0.19,7.27,0.0,0.1,1.26,80.7,63.0,23.7,57.1,20.0,44.3,2.2,16.1,51.6
852143,Luis Riveros,Coquimbo Unido,10,539,1,3,12,3,6,1,4,267,169,120,12,2,9,1,9,6,3,2,5,7,11,30,28,36,1,6,4,3,0,0.17,0.5,0.67,2.0,1.0,0.17,1.5,0.5,0.33,5.01,0.0,1.0,0.67,71.0,16.7,11.1,66.7,71.4,43.8,23.4,8.3,25.0
1388813,Agustín Arce,Universidad de Chile,6,273,1,1,10,3,9,1,0,202,134,100,25,16,10,3,9,7,3,4,4,5,3,16,16,15,2,5,1,0,0,0.33,0.33,0.66,3.3,2.97,0.33,3.3,0.99,1.32,5.27,0.0,1.65,0.33,74.6,64.0,30.0,77.8,80.0,51.6,16.7,10.0,30.0
2048673,Pablo Rodríguez,Coquimbo Unido,4,136,1,0,1,2,0,0,0,90,46,35,5,4,0,0,5,2,1,1,1,3,4,6,13,15,1,1,4,0,0,0.66,0.0,0.66,0.66,0.0,0.0,0.0,0.66,0.66,3.97,0.0,0.66,2.65,76.1,80.0,,40.0,33.3,46.4,21.1,100.0,200.0
792585,Maximiliano Romero,Colo-Colo,11,854,5,1,19,17,6,1,3,194,106,78,3,3,3,0,8,3,2,3,1,3,12,8,22,33,0,4,4,7,0,0.53,0.11,0.63,2.0,0.63,0.11,0.32,0.21,0.32,0.84,0.0,0.42,0.42,73.6,100.0,0.0,37.5,33.3,40.0,26.7,26.3,89.5
845174,Mario Briceño,Huachipato,8,288,2,0,9,6,2,0,2,162,83,65,5,1,19,2,11,4,2,4,1,2,3,13,14,22,1,4,5,2,0,0.62,0.0,0.62,2.81,0.62,0.0,5.94,0.62,1.25,4.06,0.0,1.25,1.56,78.3,20.0,10.5,36.4,50.0,38.9,12.0,22.2,66.7
790000,Bryan Carvallo,Cobresal,11,878,1,5,13,6,33,2,1,698,490,412,51,36,46,16,23,12,6,4,11,12,8,40,47,46,3,8,15,2,0,0.1,0.51,0.62,1.33,3.38,0.21,4.72,0.62,0.41,4.1,0.0,0.82,1.54,84.1,70.6,34.8,52.2,91.7,50.5,14.8,7.7,46.2
323439,Lionel Altamirano,Huachipato,11,735,4,1,25,17,6,3,6,282,181,133,14,11,3,2,2,0,2,12,4,5,20,11,34,45,1,11,10,7,0,0.49,0.12,0.61,3.06,0.73,0.37,0.37,0.24,1.47,1.35,0.0,1.35,1.22,73.5,78.6,66.7,0.0,80.0,43.0,30.8,16.0,68.0
1138070,Felipe Salomoni,Universidad de Chile,6,149,0,1,2,1,2,1,0,83,38,23,9,1,10,4,3,0,1,2,2,2,0,7,2,8,0,2,0,0,0,0.0,0.6,0.6,1.21,1.21,0.6,6.04,0.6,1.21,4.23,0.0,1.21,0.0,60.5,11.1,40.0,0.0,100.0,20.0,0.0,0.0,50.0
334027,Julián Fernández,Palestino,9,623,1,3,5,4,9,1,0,528,419,359,52,22,7,1,5,1,9,13,13,23,13,29,43,38,5,14,6,2,0,0.14,0.43,0.58,0.72,1.3,0.14,1.01,1.3,1.88,4.19,0.0,2.02,0.87,85.7,42.3,14.3,20.0,56.5,53.1,25.5,20.0,80.0
1485094,Giovani Chiaverano,Audax Italiano,11,618,3,1,12,11,8,1,1,229,113,84,10,6,8,1,9,6,2,1,5,7,6,26,26,53,0,9,7,1,0,0.44,0.15,0.58,1.75,1.17,0.15,1.17,0.29,0.15,3.79,0.0,1.31,1.02,74.3,60.0,12.5,66.7,71.4,32.9,10.2,25.0,91.7
126376,Bryan Rabello,O'Higgins,7,474,1,2,9,3,9,2,0,240,172,145,5,5,15,2,3,1,0,1,2,2,6,25,18,23,0,7,9,0,0,0.19,0.38,0.57,1.71,1.71,0.38,2.85,0.0,0.19,4.75,0.0,1.33,1.71,84.3,100.0,13.3,33.3,100.0,43.9,20.7,11.1,33.3
2456839,Vicente Zenteno,Audax Italiano,2,167,1,0,6,2,0,0,0,98,68,60,7,5,2,0,1,1,3,2,4,5,0,7,8,7,0,3,2,1,0,0.54,0.0,0.54,3.23,0.0,0.0,1.08,1.62,1.08,3.77,0.0,1.62,1.08,88.2,71.4,0.0,100.0,80.0,53.3,0.0,16.7,33.3
129209,Cristian Palacios,Everton de Viña del Mar,8,502,3,0,21,13,2,0,7,146,70,51,1,0,4,0,7,2,1,4,3,6,4,10,15,37,2,5,3,6,0,0.54,0.0,0.54,3.76,0.36,0.0,0.72,0.18,0.72,1.79,0.0,0.9,0.54,72.9,0.0,0.0,28.6,50.0,28.8,9.8,14.3,61.9
1518443,Franco Rami,Ñublense,11,349,2,0,15,7,1,0,4,129,69,37,3,0,1,0,7,6,0,5,3,3,31,4,43,48,0,13,3,2,0,0.52,0.0,0.52,3.87,0.26,0.0,0.26,0.0,1.29,1.03,0.0,3.35,0.77,53.6,0.0,0.0,85.7,100.0,47.3,39.2,13.3,46.7
1096735,Juan Cornejo,Coquimbo Unido,8,688,0,4,4,1,21,4,0,537,301,208,90,38,81,28,3,1,10,22,6,10,13,52,30,16,1,3,6,0,0,0.0,0.52,0.52,0.52,2.75,0.52,10.6,1.31,2.88,6.8,0.0,0.39,0.78,69.1,42.2,34.6,33.3,60.0,65.2,44.8,0.0,25.0
1108027,Alejandro Azócar,Coquimbo Unido,8,345,2,0,8,6,4,1,0,199,99,67,3,2,22,6,9,7,5,6,4,7,6,17,24,20,1,5,4,0,0,0.52,0.0,0.52,2.09,1.04,0.26,5.74,1.3,1.57,4.43,0.0,1.3,1.04,67.7,66.7,27.3,77.8,57.1,54.5,23.1,25.0,75.0
906108,Antonio Díaz,Universidad de Concepción,9,345,1,1,3,2,4,0,0,207,111,84,4,3,17,2,8,1,3,5,4,9,3,16,15,20,1,6,2,2,0,0.26,0.26,0.52,0.78,1.04,0.0,4.43,0.78,1.3,4.17,0.0,1.57,0.52,75.7,75.0,11.8,12.5,44.4,42.9,13.0,33.3,66.7
1117091,Nelson Guillermo Guaiquil,Huachipato,4,352,0,2,0,0,6,2,0,236,140,113,26,10,14,5,2,0,2,12,4,5,2,23,7,19,1,5,0,0,0,0.0,0.51,0.51,0.0,1.53,0.51,3.58,0.51,3.07,5.88,0.0,1.28,0.0,80.7,38.5,35.7,0.0,80.0,26.9,9.5,,
1464930,Martín Araya,Palestino,7,370,1,1,5,2,6,1,0,190,89,64,2,1,15,3,15,5,2,2,6,10,8,16,24,39,0,6,1,0,0,0.24,0.24,0.49,1.22,1.46,0.24,3.65,0.49,0.49,3.89,0.0,1.46,0.24,71.9,50.0,20.0,33.3,60.0,38.1,17.0,20.0,40.0
805150,Ronnie Fernández,Palestino,6,365,1,1,11,6,2,0,1,135,76,34,8,3,2,0,5,2,0,5,2,2,21,8,31,38,0,9,7,2,0,0.25,0.25,0.49,2.71,0.49,0.0,0.49,0.0,1.23,1.97,0.0,2.22,1.73,44.7,37.5,0.0,40.0,100.0,44.9,35.6,9.1,54.5
1396682,Lucas Molina,Ñublense,4,184,1,0,2,3,1,0,0,90,42,31,2,0,12,3,4,1,0,1,0,2,1,2,5,12,0,3,1,0,0,0.49,0.0,0.49,0.98,0.49,0.0,5.87,0.0,0.49,0.98,0.0,1.47,0.49,73.8,0.0,25.0,25.0,0.0,29.4,7.7,50.0,150.0
859990,Franco Troyansky,Audax Italiano,11,564,3,0,24,12,3,0,3,210,126,99,9,7,0,0,13,8,2,2,1,1,11,12,28,44,0,12,8,6,0,0.48,0.0,0.48,3.83,0.48,0.0,0.0,0.32,0.32,1.91,0.0,1.91,1.28,78.6,77.8,,61.5,100.0,38.9,20.0,12.5,50.0
147570,Diego Rubio,Deportes La Serena,10,749,1,3,19,6,11,2,2,414,236,167,8,3,12,2,15,5,6,11,9,17,19,29,58,63,1,19,18,3,0,0.12,0.36,0.48,2.28,1.32,0.24,1.44,0.72,1.32,3.48,0.0,2.28,2.16,70.8,37.5,16.7,33.3,52.9,47.9,23.2,5.3,31.6
937101,Steffan Pino,Cobresal,11,931,5,0,37,17,19,2,2,452,250,187,18,13,1,1,20,8,0,10,5,8,28,9,66,91,4,22,22,6,0,0.48,0.0,0.48,3.58,1.84,0.19,0.1,0.0,0.97,0.87,0.0,2.13,2.13,74.8,72.2,100.0,40.0,62.5,42.0,23.5,13.5,45.9
28242,Joaquín Larrivey,Deportes Concepción,9,784,3,1,18,8,8,1,1,257,170,111,10,4,2,0,4,2,1,10,5,7,27,12,40,59,1,11,4,1,0,0.34,0.11,0.46,2.07,0.92,0.11,0.23,0.11,1.15,1.38,0.0,1.26,0.46,65.3,40.0,0.0,50.0,71.4,40.4,31.4,16.7,44.4
940483,Maximiliano Rodríguez,Huachipato,11,792,1,3,21,7,14,6,1,345,180,118,16,5,10,4,18,5,2,10,7,9,22,27,45,69,1,12,9,0,0,0.11,0.34,0.45,2.39,1.59,0.68,1.14,0.23,1.14,3.07,0.0,1.36,1.02,65.6,31.2,40.0,27.8,77.8,39.5,24.2,4.8,33.3
1473023,Diego Corral,Universidad Católica,4,201,0,1,4,1,2,1,1,78,43,35,1,1,8,1,2,1,0,1,0,2,1,9,7,10,0,3,3,0,0,0.0,0.45,0.45,1.79,0.9,0.45,3.58,0.0,0.45,4.03,0.0,1.34,1.34,81.4,100.0,12.5,50.0,0.0,41.2,9.1,0.0,25.0
906106,Ignacio Mesías,Deportes Concepción,7,404,2,0,9,7,2,0,1,134,57,36,3,1,8,2,10,4,1,2,3,3,6,6,16,32,0,7,3,2,0,0.45,0.0,0.45,2.0,0.45,0.0,1.78,0.22,0.45,1.34,0.0,1.56,0.67,63.2,33.3,25.0,40.0,100.0,33.3,15.8,22.2,77.8
962847,Esteban Valencia,Cobresal,7,206,0,1,1,0,4,1,0,120,84,66,16,10,9,5,1,1,3,7,3,5,2,15,8,9,0,3,0,0,0,0.0,0.44,0.44,0.44,1.75,0.44,3.93,1.31,3.06,6.55,0.0,1.31,0.0,78.6,62.5,55.6,100.0,60.0,47.1,18.2,0.0,0.0
851968,Cris Martínez,Huachipato,9,633,3,0,12,7,3,0,1,251,153,104,5,1,9,1,7,2,1,10,6,9,28,14,46,59,4,4,7,0,0,0.43,0.0,0.43,1.71,0.43,0.0,1.28,0.14,1.42,1.99,0.0,0.57,1.0,68.0,20.0,11.1,28.6,66.7,43.8,32.2,25.0,58.3
324937,Cristián Cuevas,Universidad Católica,10,858,0,4,2,1,10,3,1,619,356,271,34,14,57,14,15,4,9,25,11,21,21,34,61,43,2,13,15,0,0,0.0,0.42,0.42,0.21,1.05,0.31,5.98,0.94,2.62,3.57,0.0,1.36,1.57,76.1,41.2,24.6,26.7,52.4,58.7,32.8,0.0,50.0
849177,Arnaldo Castillo,O'Higgins,11,655,3,0,21,17,4,2,4,256,163,109,2,2,1,1,8,5,3,8,1,2,39,10,50,56,0,12,4,4,0,0.41,0.0,0.41,2.89,0.55,0.27,0.14,0.41,1.1,1.37,0.0,1.65,0.55,66.9,100.0,100.0,62.5,50.0,47.2,41.1,14.3,81.0
1119679,Lucas Soto,Everton de Viña del Mar,8,439,2,0,4,5,3,0,0,307,190,149,28,15,15,3,11,5,2,8,10,12,7,27,32,26,0,7,8,1,0,0.41,0.0,0.41,0.82,0.62,0.0,3.08,0.41,1.64,5.54,0.0,1.44,1.64,78.4,53.6,20.0,45.5,83.3,55.2,21.2,50.0,125.0
37006,Eduardo Vargas,Universidad de Chile,9,663,2,1,14,7,4,1,2,252,145,94,11,4,1,0,15,5,0,4,3,7,18,20,36,58,0,5,6,5,0,0.27,0.14,0.41,1.9,0.54,0.14,0.14,0.0,0.54,2.71,0.0,0.68,0.81,64.8,36.4,0.0,33.3,42.9,38.3,23.7,14.3,50.0
2184978,Lucas Barrera,Universidad de Chile,4,235,0,1,3,0,2,1,0,181,128,99,19,11,3,0,4,3,2,5,2,6,2,19,14,14,0,1,3,0,0,0.0,0.38,0.38,1.15,0.77,0.38,1.15,0.77,1.91,7.28,0.0,0.38,1.15,77.3,57.9,0.0,75.0,33.3,50.0,12.5,0.0,0.0
975053,Alan Medina,Everton de Viña del Mar,11,954,3,1,27,14,20,3,1,579,301,233,37,21,31,7,27,8,10,18,13,17,14,52,65,81,4,18,26,3,0,0.28,0.09,0.38,2.55,1.89,0.28,2.92,0.94,1.7,4.91,0.0,1.7,2.45,77.4,56.8,22.6,29.6,76.5,44.5,14.7,11.1,51.9
1177236,Esteban Matus,Audax Italiano,11,969,1,3,14,4,16,3,0,597,343,270,28,13,36,10,22,8,6,15,14,19,2,43,33,45,1,11,4,3,0,0.09,0.28,0.37,1.3,1.49,0.28,3.34,0.56,1.39,3.99,0.0,1.02,0.37,78.7,46.4,27.8,36.4,73.7,42.3,4.3,7.1,28.6
906105,Maximiliano Guerrero,Universidad de Chile,11,731,2,1,17,8,11,2,0,386,225,166,18,9,37,14,22,13,2,8,3,7,9,23,32,37,0,6,3,0,0,0.25,0.12,0.37,2.09,1.35,0.25,4.56,0.25,0.98,2.83,0.0,0.74,0.37,73.8,50.0,37.8,59.1,42.9,46.4,19.6,11.8,47.1
284729,Fernando Zuqui,Universidad Católica,4,245,0,1,0,0,8,2,0,198,145,125,17,12,18,5,7,4,2,3,2,6,1,16,13,16,0,2,2,0,0,0.0,0.37,0.37,0.0,2.94,0.73,6.61,0.73,1.1,5.88,0.0,0.73,0.73,86.2,70.6,27.8,57.1,33.3,44.8,5.9,,
761426,Ignacio Jeraldino,Ñublense,11,734,3,0,20,13,7,1,3,253,136,74,7,3,6,0,6,2,3,7,3,6,28,15,42,57,0,10,6,6,0,0.37,0.0,0.37,2.45,0.86,0.12,0.74,0.37,0.86,1.84,0.0,1.23,0.74,54.4,42.9,0.0,33.3,50.0,42.4,32.9,15.0,65.0
818865,Guillermo Pacheco,Cobresal,11,737,1,2,7,3,11,3,0,585,341,263,50,26,43,11,8,1,5,24,10,19,7,31,34,30,5,4,7,1,0,0.12,0.24,0.37,0.85,1.34,0.37,5.25,0.61,2.93,3.79,0.0,0.49,0.85,77.1,52.0,25.6,12.5,52.6,53.1,18.9,14.3,42.9
1643443,Nicolás Johansen,Coquimbo Unido,10,487,2,0,14,7,10,1,2,191,116,71,3,3,1,0,4,1,1,4,1,4,20,14,29,43,0,5,4,3,0,0.37,0.0,0.37,2.59,1.85,0.18,0.18,0.18,0.74,2.59,0.0,0.92,0.74,61.2,100.0,0.0,25.0,25.0,40.3,31.7,14.3,50.0
789677,Martín Sarrafiore,O'Higgins,9,504,2,0,21,6,12,3,3,290,167,118,7,1,13,6,18,10,3,2,6,8,6,20,28,41,0,7,4,1,0,0.36,0.0,0.36,3.75,2.14,0.54,2.32,0.54,0.36,3.57,0.0,1.25,0.71,70.7,14.3,46.2,55.6,75.0,40.6,12.8,9.5,28.6
1482420,Francisco Marchant,Colo-Colo,9,247,0,1,4,1,8,1,1,188,110,85,7,3,26,9,12,5,3,5,1,1,0,18,9,14,0,2,3,2,0,0.0,0.36,0.36,1.46,2.91,0.36,9.47,1.09,1.82,6.56,0.0,0.73,1.09,77.3,42.9,34.6,41.7,100.0,39.1,0.0,0.0,25.0
1125880,Benjamín Chandía,Coquimbo Unido,10,536,0,2,15,2,8,5,0,252,151,115,8,3,21,5,11,0,3,2,2,4,0,23,6,31,0,7,2,1,0,0.0,0.34,0.34,2.52,1.34,0.84,3.53,0.5,0.34,3.86,0.0,1.18,0.34,76.2,37.5,23.8,0.0,50.0,16.2,0.0,0.0,13.3
973567,Pablo Parra,Universidad de Concepción,6,265,0,1,7,1,5,1,0,210,149,136,12,7,9,3,8,5,1,3,2,5,1,21,15,12,1,1,4,2,0,0.0,0.34,0.34,2.38,1.7,0.34,3.06,0.34,1.02,7.13,0.0,0.34,1.36,91.3,58.3,33.3,62.5,40.0,55.6,7.7,0.0,14.3
974736,Julián Brea,Cobresal,10,817,2,1,26,10,13,1,0,439,243,189,16,12,36,4,32,12,6,0,3,5,3,35,37,52,0,4,17,5,0,0.22,0.11,0.33,2.86,1.43,0.11,3.97,0.66,0.0,3.86,0.0,0.44,1.87,77.8,75.0,11.1,37.5,60.0,41.6,5.5,7.7,38.5
988084,Gonzalo Sosa,Deportes Limache,11,833,3,0,19,6,8,1,2,259,166,109,5,2,0,0,5,2,2,14,1,1,48,11,58,63,2,10,7,6,0,0.32,0.0,0.32,2.05,0.86,0.11,0.0,0.22,1.51,1.19,0.0,1.08,0.76,65.7,40.0,,40.0,100.0,47.9,43.2,15.8,31.6
924528,Matías Campos López,Unión La Calera,9,284,1,0,6,3,3,1,0,99,45,31,2,2,1,1,10,3,0,2,0,3,4,6,11,38,0,2,1,1,0,0.32,0.0,0.32,1.9,0.95,0.32,0.32,0.0,0.63,1.9,0.0,0.63,0.32,68.9,100.0,100.0,30.0,0.0,22.4,9.5,16.7,50.0
588796,Jimmy Martínez,Universidad Católica,10,590,1,1,7,4,6,1,0,388,275,211,30,14,26,7,4,3,5,2,6,12,5,26,37,29,0,17,17,0,0,0.15,0.15,0.31,1.07,0.92,0.15,3.97,0.76,0.31,3.97,0.0,2.59,2.59,76.7,46.7,26.9,75.0,50.0,56.1,14.7,14.3,57.1
986599,Joaquín Montecinos,Deportes Limache,11,585,1,1,5,3,9,2,0,328,154,97,22,5,40,12,18,10,3,18,9,10,3,23,29,36,1,5,6,0,0,0.15,0.15,0.31,0.77,1.38,0.31,6.15,0.46,2.77,3.54,0.0,0.77,0.92,63.0,22.7,30.0,55.6,90.0,44.6,7.7,20.0,60.0
1083863,Nicolás Aedo,Audax Italiano,10,576,0,2,5,2,11,2,0,354,248,203,34,21,30,11,9,3,4,3,4,5,1,23,15,25,1,4,6,1,0,0.0,0.31,0.31,0.78,1.72,0.31,4.69,0.62,0.47,3.59,0.0,0.62,0.94,81.9,61.8,36.7,33.3,80.0,37.5,3.8,0.0,40.0
1199239,Emiliano Ramos,Everton de Viña del Mar,11,597,0,2,9,1,10,4,3,288,130,100,8,4,31,8,13,4,8,16,0,1,9,29,27,59,0,8,13,1,0,0.0,0.3,0.3,1.36,1.51,0.6,4.67,1.21,2.41,4.37,0.0,1.21,1.96,76.9,50.0,25.8,30.8,0.0,31.4,13.2,0.0,11.1
1834686,Martín Mundaca,Coquimbo Unido,7,299,1,0,7,4,4,1,2,169,103,71,11,6,6,1,9,6,1,2,2,4,4,18,19,11,0,2,5,1,0,0.3,0.0,0.3,2.11,1.2,0.3,1.81,0.3,0.6,5.42,0.0,0.6,1.51,68.9,54.5,16.7,66.7,50.0,63.3,26.7,14.3,57.1
582220,Nicolás Stefanelli,Deportes La Serena,8,310,1,0,5,5,8,0,0,169,102,72,11,2,3,1,11,4,2,5,2,3,4,26,19,24,0,0,8,1,0,0.29,0.0,0.29,1.45,2.32,0.0,0.87,0.58,1.45,7.55,0.0,0.0,2.32,70.6,18.2,33.3,36.4,66.7,44.2,14.3,20.0,100.0
889502,Álvaro Madrid,Colo-Colo,10,614,2,0,11,6,4,1,0,421,302,250,32,18,17,4,13,6,2,7,8,13,3,34,33,40,0,8,11,2,0,0.29,0.0,0.29,1.61,0.59,0.15,2.49,0.29,1.03,4.98,0.0,1.17,1.61,82.8,56.2,23.5,46.2,61.5,45.2,7.0,18.2,54.5
376740,Guido Vadalá,Coquimbo Unido,9,650,2,0,11,6,10,0,2,268,153,109,15,6,14,4,20,8,1,0,5,6,0,21,20,37,1,4,6,2,0,0.28,0.0,0.28,1.52,1.38,0.0,1.94,0.14,0.0,2.91,0.0,0.55,0.83,71.2,40.0,28.6,40.0,83.3,35.1,0.0,18.2,54.5
1503119,Giovanny Avalos,Ñublense,6,316,1,0,4,2,3,0,1,120,68,43,3,1,7,1,4,2,1,2,4,5,5,18,16,18,0,2,4,1,0,0.28,0.0,0.28,1.14,0.85,0.0,1.99,0.28,0.57,5.13,0.0,0.57,1.14,63.2,33.3,14.3,50.0,80.0,47.1,21.7,25.0,50.0
1118269,Ignacio Tapia,Ñublense,7,320,1,0,9,4,8,1,1,214,123,88,13,8,16,4,16,7,3,2,1,3,1,26,13,34,1,6,2,1,0,0.28,0.0,0.28,2.53,2.25,0.28,4.5,0.84,0.56,7.31,0.0,1.69,0.56,71.5,61.5,25.0,43.8,33.3,27.7,2.9,11.1,44.4
980882,Yerko González,Deportes Limache,11,982,2,1,8,7,2,1,1,697,440,362,80,41,18,2,10,7,16,62,10,15,15,46,43,26,9,3,6,0,0,0.18,0.09,0.27,0.73,0.18,0.09,1.65,1.47,5.68,4.22,0.0,0.27,0.55,82.3,51.2,11.1,70.0,66.7,62.3,36.6,25.0,87.5
986462,Bryan Ogaz,Universidad de Concepción,8,337,0,1,1,0,2,0,0,248,192,167,16,12,3,0,4,2,5,4,6,9,9,25,27,17,3,5,7,0,0,0.0,0.27,0.27,0.27,0.53,0.0,0.8,1.34,1.07,6.68,0.0,1.34,1.87,87.0,75.0,0.0,50.0,66.7,61.4,34.6,0.0,0.0
1199243,Lautaro Pastrán,Colo-Colo,6,339,0,1,12,4,3,2,0,260,148,117,8,0,12,5,19,8,0,0,5,10,3,19,27,43,1,10,6,0,0,0.0,0.27,0.27,3.19,0.8,0.53,3.19,0.0,0.0,5.04,0.0,2.65,1.59,79.1,0.0,41.7,42.1,50.0,38.6,6.5,0.0,33.3
844271,Sebastián Díaz,Deportes La Serena,7,340,1,0,3,2,1,0,0,213,148,120,14,5,0,0,1,0,8,12,7,17,10,20,29,15,1,6,2,0,0,0.26,0.0,0.26,0.79,0.26,0.0,0.0,2.12,3.18,5.29,0.0,1.59,0.53,81.1,35.7,,0.0,41.2,65.9,40.0,33.3,66.7
805408,Alejandro Camargo,Coquimbo Unido,9,699,2,0,13,9,3,0,0,460,342,292,46,25,4,1,1,0,10,27,13,21,13,26,36,41,4,12,2,0,0,0.26,0.0,0.26,1.67,0.39,0.0,0.52,1.29,3.48,3.35,0.0,1.55,0.26,85.4,54.3,25.0,0.0,61.9,46.8,24.1,15.4,69.2
584418,Gabriel Graciani,Ñublense,10,704,1,1,17,5,10,1,1,393,238,166,8,3,32,9,12,3,2,13,5,9,38,27,53,56,0,12,3,4,0,0.13,0.13,0.26,2.17,1.28,0.13,4.09,0.26,1.66,3.45,0.0,1.53,0.38,69.7,37.5,28.1,25.0,55.6,48.6,40.4,5.9,29.4
874589,Matías Marín,Deportes La Serena,9,366,1,0,6,5,5,0,1,216,128,93,14,9,16,4,11,5,5,4,3,4,3,23,14,26,1,12,2,2,0,0.25,0.0,0.25,1.48,1.23,0.0,3.93,1.23,0.98,5.66,0.0,2.95,0.49,72.7,64.3,25.0,45.5,75.0,35.0,10.3,16.7,83.3
873620,Agustin Nadruz,Cobresal,8,712,2,0,12,6,0,0,0,379,288,231,34,14,0,0,3,2,6,12,13,21,3,31,31,33,5,7,5,0,0,0.25,0.0,0.25,1.52,0.0,0.0,0.0,0.76,1.52,3.92,0.0,0.88,0.63,80.2,41.2,,66.7,61.9,48.4,8.3,16.7,50.0
1482412,Ignacio Vásquez,Universidad de Chile,10,362,0,1,6,1,2,0,0,187,99,74,8,0,15,2,13,5,2,3,2,4,0,11,16,24,0,2,7,3,0,0.0,0.25,0.25,1.49,0.5,0.0,3.73,0.5,0.75,2.73,0.0,0.5,1.74,74.7,0.0,13.3,38.5,50.0,40.0,0.0,0.0,16.7
925337,Javier Altamirano,Universidad de Chile,11,753,2,0,13,6,10,0,1,542,381,297,27,12,16,2,25,10,4,6,9,18,4,46,40,68,1,18,8,0,0,0.24,0.0,0.24,1.55,1.2,0.0,1.91,0.48,0.72,5.5,0.0,2.15,0.96,78.0,44.4,12.5,40.0,50.0,37.0,5.6,15.4,46.2
790010,Leonardo Valencia,Deportes Concepción,11,757,1,1,13,5,15,1,0,439,285,221,43,20,56,13,9,2,1,3,4,5,0,32,22,32,0,5,15,3,0,0.12,0.12,0.24,1.55,1.78,0.12,6.66,0.12,0.36,3.8,0.0,0.59,1.78,77.5,46.5,23.2,22.2,80.0,40.7,0.0,7.7,38.5
249373,Claudio Sepúlveda,Huachipato,10,766,1,1,5,3,6,1,0,582,488,404,66,37,7,3,4,2,9,16,9,12,9,51,28,31,3,9,5,0,0,0.12,0.12,0.23,0.59,0.7,0.12,0.82,1.06,1.88,5.99,0.0,1.06,0.59,82.8,56.1,42.9,50.0,75.0,47.5,22.5,20.0,60.0
986532,Federico Mateos,Audax Italiano,10,773,1,1,10,5,10,2,0,513,369,273,70,42,13,4,19,16,4,10,16,25,7,41,57,39,1,14,9,1,0,0.12,0.12,0.23,1.16,1.16,0.23,1.51,0.47,1.16,4.77,0.0,1.63,1.05,74.0,60.0,30.8,84.2,64.0,59.4,15.2,10.0,50.0
159931,Cecilio Waterman,Universidad de Concepción,9,792,1,1,27,15,5,1,3,281,171,134,8,5,3,3,10,3,0,9,1,1,25,14,36,65,1,6,7,6,0,0.11,0.11,0.23,3.07,0.57,0.11,0.34,0.0,1.02,1.59,0.0,0.68,0.8,78.4,62.5,100.0,30.0,100.0,35.6,27.8,3.7,55.6
1601711,Leandro Hernández,Colo-Colo,10,386,0,1,9,2,10,1,0,223,127,110,6,4,7,1,30,15,0,0,4,5,2,20,27,38,0,7,5,1,0,0.0,0.23,0.23,2.1,2.33,0.23,1.63,0.0,0.0,4.66,0.0,1.63,1.17,86.6,66.7,14.3,50.0,80.0,41.5,5.0,0.0,22.2
39244,Lucas Pratto,Coquimbo Unido,11,412,1,0,10,5,3,0,0,193,116,69,4,2,1,0,5,1,2,6,4,5,22,15,31,44,1,5,3,0,0,0.22,0.0,0.22,2.18,0.66,0.0,0.22,0.44,1.31,3.28,0.0,1.09,0.66,59.5,50.0,0.0,20.0,80.0,41.3,33.3,10.0,50.0
1063335,Felipe Chamorro,Deportes La Serena,11,852,2,0,17,12,10,0,3,400,227,170,5,3,7,4,24,17,5,12,6,10,26,27,65,86,3,25,13,4,0,0.21,0.0,0.21,1.8,1.06,0.0,0.74,0.53,1.27,2.85,0.0,2.64,1.37,74.9,60.0,57.1,70.8,60.0,43.0,23.2,11.8,70.6
1797934,Ian Garguez,Palestino,11,867,1,1,4,2,10,2,0,527,284,217,40,19,24,8,11,7,6,35,15,21,11,42,48,27,4,6,9,0,0,0.1,0.1,0.21,0.42,1.04,0.21,2.49,0.62,3.63,4.36,0.0,0.62,0.93,76.4,47.5,33.3,63.6,71.4,64.0,28.9,25.0,50.0
912067,Michael Vadulli,Audax Italiano,7,425,1,0,10,3,4,0,2,259,157,115,13,5,13,1,11,6,2,4,8,10,7,21,34,23,1,2,11,3,0,0.21,0.0,0.21,2.12,0.85,0.0,2.75,0.42,0.85,4.45,0.0,0.42,2.33,73.2,38.5,7.7,54.5,80.0,59.6,23.3,10.0,30.0
1177211,Felipe Ogaz,O'Higgins,10,877,1,1,4,3,6,1,0,652,507,437,40,22,2,0,8,2,19,18,25,32,7,63,53,37,0,10,12,0,0,0.1,0.1,0.21,0.41,0.62,0.1,0.21,1.95,1.85,6.47,0.0,1.03,1.23,86.2,55.0,0.0,25.0,78.1,58.9,15.9,25.0,75.0
975291,Leandro Díaz,O'Higgins,7,424,0,1,1,0,2,1,0,336,195,151,31,16,12,3,9,5,7,25,7,9,6,15,25,21,3,3,5,0,0,0.0,0.21,0.21,0.21,0.42,0.21,2.55,1.49,5.31,3.18,0.0,0.64,1.06,77.4,51.6,25.0,55.6,77.8,54.3,22.2,0.0,0.0
1017320,Jason León,Palestino,9,438,0,1,7,3,9,1,0,357,228,184,35,22,31,6,13,9,5,5,4,8,3,27,25,19,0,5,5,0,0,0.0,0.21,0.21,1.44,1.85,0.21,6.37,1.03,1.03,5.55,0.0,1.03,1.03,80.7,62.9,19.4,69.2,50.0,56.8,13.6,0.0,42.9
875274,Diego Coelho,Audax Italiano,10,429,1,0,6,4,4,0,1,140,78,40,4,0,1,0,4,4,1,8,0,1,22,4,34,30,0,5,7,4,0,0.21,0.0,0.21,1.26,0.84,0.0,0.21,0.21,1.68,0.84,0.0,1.05,1.47,51.3,0.0,0.0,100.0,0.0,53.1,42.3,16.7,66.7
247055,Nicolás Vargas,Huachipato,10,861,1,1,4,3,5,0,0,600,415,327,116,54,29,7,2,1,13,51,4,8,14,33,31,24,7,3,8,0,0,0.1,0.1,0.21,0.42,0.52,0.0,3.03,1.36,5.33,3.45,0.0,0.31,0.84,78.8,46.6,24.1,50.0,50.0,56.4,36.8,25.0,75.0
339711,Dilan Zúñiga,Palestino,10,895,1,1,9,3,11,3,0,585,365,299,49,23,20,7,22,13,9,26,10,13,11,34,46,26,1,8,9,0,0,0.1,0.1,0.2,0.91,1.11,0.3,2.01,0.91,2.61,3.42,0.0,0.8,0.91,81.9,46.9,35.0,59.1,76.9,63.9,29.7,11.1,33.3
1125913,Diego Sanhueza,Ñublense,10,449,1,0,10,3,6,2,1,282,158,126,20,7,16,4,12,7,2,13,3,6,5,22,20,32,2,6,3,1,0,0.2,0.0,0.2,2.0,1.2,0.4,3.21,0.4,2.61,4.41,0.0,1.2,0.6,79.7,35.0,25.0,58.3,50.0,38.5,13.5,10.0,30.0
819072,Jorge Henríquez,Deportes Concepción,8,444,1,0,12,3,7,0,0,430,321,252,53,32,23,8,11,8,1,2,6,8,6,60,29,28,2,8,7,0,0,0.2,0.0,0.2,2.43,1.42,0.0,4.66,0.2,0.41,12.16,0.0,1.62,1.42,78.5,60.4,34.8,72.7,75.0,50.9,17.6,8.3,25.0
1114520,Paolo Guajardo,Audax Italiano,10,452,0,1,3,0,4,2,0,232,112,86,9,3,16,2,13,4,6,12,7,7,3,22,25,26,0,5,11,0,0,0.0,0.2,0.2,0.6,0.8,0.4,3.19,1.19,2.39,4.38,0.0,1.0,2.19,76.8,33.3,12.5,30.8,100.0,49.0,10.3,0.0,0.0
359024,Juan Martín Lucero,Universidad de Chile,7,458,1,0,10,6,3,1,2,160,92,60,4,1,1,0,5,1,0,3,5,5,11,11,26,32,0,5,9,2,0,0.2,0.0,0.2,1.97,0.59,0.2,0.2,0.0,0.59,2.16,0.0,0.98,1.77,65.2,25.0,0.0,20.0,100.0,44.8,25.6,10.0,60.0
997539,Rodrigo Cabral,Audax Italiano,10,480,1,0,10,4,7,0,1,240,133,109,8,5,18,4,14,5,1,4,0,5,1,28,24,25,0,3,13,2,0,0.19,0.0,0.19,1.88,1.31,0.0,3.38,0.19,0.75,5.25,0.0,0.56,2.44,82.0,62.5,22.2,35.7,0.0,49.0,3.8,10.0,40.0
1002939,Lucas Assadi,Universidad de Chile,8,482,0,1,11,4,7,1,0,259,174,141,8,5,12,3,19,12,4,1,2,3,2,18,20,15,0,1,3,0,0,0.0,0.19,0.19,2.05,1.31,0.19,2.24,0.75,0.19,3.36,0.0,0.19,0.56,81.0,62.5,25.0,63.2,66.7,57.1,11.8,0.0,36.4
942415,Bastián Yáñez,O'Higgins,9,473,1,0,3,2,7,0,0,259,151,123,8,5,37,9,13,5,4,1,6,9,0,21,19,14,1,3,5,1,0,0.19,0.0,0.19,0.57,1.33,0.0,7.04,0.76,0.19,4.0,0.0,0.57,0.95,81.5,62.5,24.3,38.5,66.7,57.6,0.0,33.3,66.7
116096,Sebastián Gallegos,Palestino,11,936,1,1,28,12,16,2,1,611,419,333,71,41,36,12,10,6,5,12,10,17,1,44,39,27,1,4,15,1,0,0.1,0.1,0.19,2.69,1.54,0.19,3.46,0.48,1.15,4.23,0.0,0.38,1.44,79.5,57.7,33.3,60.0,58.8,59.1,3.6,3.6,42.9
1020255,Braian Martínez,Everton de Viña del Mar,10,482,0,1,9,3,13,4,1,347,217,149,21,9,27,9,16,8,1,1,8,9,10,34,35,42,1,4,8,3,0,0.0,0.19,0.19,1.68,2.43,0.75,5.04,0.19,0.19,6.35,0.0,0.75,1.49,68.7,42.9,33.3,50.0,88.9,45.5,19.2,0.0,33.3
1017455,Ezequiel Cañete,Huachipato,10,488,0,1,8,1,10,2,1,379,263,210,30,18,28,8,8,3,6,3,8,10,13,26,33,32,2,7,7,1,0,0.0,0.18,0.18,1.48,1.84,0.37,5.16,1.11,0.55,4.8,0.0,1.29,1.29,79.8,60.0,28.6,37.5,80.0,50.8,28.9,0.0,12.5
973992,Diego Céspedes,Ñublense,10,500,1,0,3,2,1,0,0,270,195,147,38,13,4,0,0,0,3,23,4,5,15,14,21,21,2,6,1,0,0,0.18,0.0,0.18,0.54,0.18,0.0,0.72,0.54,4.14,2.52,0.0,1.08,0.18,75.4,34.2,0.0,,80.0,50.0,41.7,33.3,66.7
818897,Fabián Hormazábal,Universidad de Chile,11,982,1,1,9,4,8,2,1,728,403,316,57,17,33,7,21,12,14,31,15,18,12,41,54,47,3,13,12,0,0,0.09,0.09,0.18,0.82,0.73,0.18,3.02,1.28,2.84,3.76,0.0,1.19,1.1,78.4,29.8,21.2,57.1,83.3,53.5,20.3,11.1,44.4
1108449,Rodrigo Caseres,Unión La Calera,11,990,2,0,13,6,1,0,0,742,603,512,81,33,1,0,2,1,16,47,8,9,28,35,46,43,7,8,8,1,0,0.18,0.0,0.18,1.18,0.09,0.0,0.09,1.45,4.27,3.18,0.0,0.73,0.73,84.9,40.7,0.0,50.0,88.9,51.7,39.4,15.4,46.2
1523685,Francisco Jose Pozzo,Unión La Calera,10,507,1,0,9,5,0,0,3,178,104,66,7,3,5,0,6,3,2,2,1,2,13,10,20,39,2,6,2,2,0,0.18,0.0,0.18,1.6,0.0,0.0,0.89,0.36,0.36,1.78,0.0,1.07,0.36,63.5,42.9,0.0,50.0,50.0,33.9,25.0,11.1,55.6
931341,César Munder,Palestino,7,487,1,0,14,4,8,1,1,215,107,70,4,3,19,3,11,4,1,1,6,7,7,9,25,29,0,1,7,3,0,0.18,0.0,0.18,2.59,1.48,0.18,3.51,0.18,0.18,1.66,0.0,0.18,1.29,65.4,75.0,15.8,36.4,85.7,46.3,19.4,7.1,28.6
1108721,Maicol León,Huachipato,11,496,0,1,3,1,6,0,0,329,206,154,27,9,18,2,3,3,3,14,8,10,4,22,23,14,0,4,6,0,0,0.0,0.18,0.18,0.54,1.09,0.0,3.27,0.54,2.54,3.99,0.0,0.73,1.09,74.8,33.3,11.1,100.0,80.0,62.2,22.2,0.0,33.3
862702,Nicolás Baeza,Everton de Viña del Mar,9,492,1,0,5,2,5,0,0,305,163,125,31,18,26,5,8,6,3,13,5,6,4,19,23,21,2,2,7,1,0,0.18,0.0,0.18,0.91,0.91,0.0,4.76,0.55,2.38,3.48,0.0,0.37,1.28,76.7,58.1,19.2,75.0,83.3,52.3,16.0,20.0,40.0
1096236,Renzo Malanca,Huachipato,6,540,1,0,5,3,1,0,1,383,262,207,48,20,8,2,2,1,8,38,8,11,16,23,34,12,7,4,6,0,0,0.17,0.0,0.17,0.83,0.17,0.0,1.33,1.33,6.33,3.83,0.0,0.67,1.0,79.0,41.7,25.0,50.0,72.7,73.9,57.1,20.0,60.0
1021117,César Yanis,Cobresal,9,564,0,1,9,4,4,0,3,391,294,245,39,25,20,6,14,8,5,5,4,6,1,41,21,15,0,1,6,1,0,0.0,0.16,0.16,1.44,0.64,0.0,3.19,0.8,0.8,6.54,0.0,0.16,0.96,83.3,64.1,30.0,57.1,66.7,58.3,6.2,0.0,44.4
965775,Agustín Urzi,Universidad de Concepción,10,573,1,0,20,6,13,0,1,392,208,154,23,10,28,6,25,13,4,8,5,12,5,41,44,36,1,5,14,0,0,0.16,0.0,0.16,3.14,2.04,0.0,4.4,0.63,1.26,6.44,0.0,0.79,2.2,74.0,43.5,21.4,52.0,41.7,55.0,12.2,5.0,30.0
553508,Fausto Grillo,Deportes Concepción,7,560,1,0,9,2,1,0,2,378,279,230,49,23,3,2,6,4,5,31,8,10,12,25,32,22,4,7,6,0,0,0.16,0.0,0.16,1.45,0.16,0.0,0.48,0.8,4.98,4.02,0.0,1.12,0.96,82.4,46.9,66.7,66.7,80.0,59.3,35.3,11.1,22.2
818974,César Pinares,Deportes Limache,8,550,1,0,7,3,5,0,0,323,232,189,29,12,13,3,11,5,11,7,4,7,2,27,21,23,2,3,7,0,0,0.16,0.0,0.16,1.15,0.82,0.0,2.13,1.8,1.15,4.42,0.0,0.49,1.15,81.5,41.4,23.1,45.5,57.1,47.7,8.0,14.3,42.9
947963,Vicente Fernández,Everton de Viña del Mar,8,554,0,1,3,1,2,1,0,320,191,155,36,15,14,1,8,6,3,17,0,2,4,16,15,20,2,5,3,0,0,0.0,0.16,0.16,0.49,0.32,0.16,2.27,0.49,2.76,2.6,0.0,0.81,0.49,81.2,41.7,7.1,75.0,0.0,42.9,16.7,0.0,33.3
1190022,Joaquín Soto,Unión La Calera,11,595,0,1,4,1,4,1,0,359,293,264,18,14,4,0,6,4,8,9,7,12,2,37,18,17,1,4,0,0,0,0.0,0.15,0.15,0.61,0.61,0.15,0.61,1.21,1.36,5.6,0.0,0.61,0.0,90.1,77.8,0.0,66.7,58.3,51.4,10.5,0.0,25.0
990283,Miguel Brizuela,O'Higgins,7,621,1,0,8,2,2,1,0,414,328,257,56,17,0,0,0,0,6,41,6,8,16,22,27,27,5,3,3,1,0,0.14,0.0,0.14,1.16,0.29,0.14,0.0,0.87,5.94,3.19,0.0,0.43,0.43,78.4,30.4,,,75.0,50.0,37.2,12.5,25.0
1797930,Francisco Montes,Palestino,10,650,1,0,8,3,5,1,0,318,219,175,28,12,3,1,12,5,5,4,8,11,6,31,35,48,0,22,13,0,0,0.14,0.0,0.14,1.11,0.69,0.14,0.42,0.69,0.55,4.29,0.0,3.05,1.8,79.9,42.9,33.3,41.7,72.7,42.2,11.1,12.5,37.5
942156,Marco Collao,Audax Italiano,9,701,1,0,4,2,4,1,0,462,345,276,45,24,7,2,13,6,14,18,9,14,5,39,33,35,1,10,8,0,0,0.13,0.0,0.13,0.51,0.51,0.13,0.9,1.8,2.31,5.01,0.0,1.28,1.03,80.0,53.3,28.6,46.2,64.3,48.5,12.5,25.0,50.0
988763,Norman Rodríguez,Deportes Concepción,8,687,0,1,3,1,5,0,0,412,279,210,62,21,7,1,3,2,15,42,7,11,16,26,31,19,4,4,2,1,0,0.0,0.13,0.13,0.39,0.66,0.0,0.92,1.97,5.5,3.41,0.0,0.52,0.26,75.3,33.9,14.3,66.7,63.6,62.0,45.7,0.0,33.3
981010,Enzo Ferrario,Audax Italiano,8,705,1,0,4,2,1,0,0,533,367,309,35,18,5,0,5,4,5,26,8,12,22,21,50,18,4,3,12,0,0,0.13,0.0,0.13,0.51,0.13,0.0,0.64,0.64,3.32,2.68,0.0,0.38,1.53,84.2,51.4,0.0,80.0,66.7,73.5,55.0,25.0,50.0
986622,José Tiznado,Cobresal,8,675,1,0,1,2,2,0,0,390,255,212,61,28,1,1,3,1,20,52,3,8,14,25,28,17,3,6,5,0,0,0.13,0.0,0.13,0.13,0.27,0.0,0.13,2.67,6.93,3.33,0.0,0.8,0.67,83.1,45.9,100.0,33.3,37.5,62.2,45.2,100.0,200.0
316170,Gonzalo Escalante,Deportes La Serena,8,720,1,0,4,2,7,2,0,544,404,321,36,14,3,1,7,3,12,35,13,17,13,47,45,47,1,11,12,1,0,0.12,0.0,0.12,0.5,0.88,0.25,0.38,1.5,4.38,5.88,0.0,1.38,1.5,79.5,38.9,33.3,42.9,76.5,48.9,21.7,25.0,50.0
1482408,Felipe Faúndez,O'Higgins,9,733,0,1,5,5,11,2,1,477,241,196,35,17,18,4,16,6,7,31,17,22,3,27,44,36,5,8,13,1,0,0.0,0.12,0.12,0.61,1.35,0.25,2.21,0.86,3.81,3.32,0.0,0.98,1.6,81.3,48.6,22.2,37.5,77.3,55.0,7.7,0.0,100.0
939997,Cristhofer Mesías,Universidad de Concepción,10,768,1,0,13,5,2,0,0,468,358,311,37,21,4,1,7,6,7,10,16,26,4,45,41,38,3,13,5,2,0,0.12,0.0,0.12,1.52,0.23,0.0,0.47,0.82,1.17,5.27,0.0,1.52,0.59,86.9,56.8,25.0,85.7,61.5,51.9,9.5,7.7,38.5
889498,Manuel Fernández,Coquimbo Unido,9,741,1,0,3,3,0,0,1,430,300,249,39,21,3,0,2,1,15,49,10,14,32,37,50,39,8,13,3,0,0,0.12,0.0,0.12,0.36,0.0,0.0,0.36,1.82,5.95,4.49,0.0,1.58,0.36,83.0,53.8,0.0,50.0,71.4,56.2,45.1,33.3,100.0
589542,Israel Poblete,Universidad de Chile,11,799,0,1,5,1,5,0,0,569,421,336,31,10,13,4,6,2,14,14,14,25,9,46,44,46,2,16,8,0,0,0.0,0.11,0.11,0.56,0.56,0.0,1.46,1.58,1.58,5.18,0.0,1.8,0.9,79.8,32.3,30.8,33.3,56.0,48.9,16.4,0.0,20.0
906100,Lucas Alarcón,Deportes La Serena,9,792,1,0,1,2,0,0,0,469,338,286,70,36,2,0,1,0,8,67,7,11,26,28,43,30,11,5,6,0,0,0.11,0.0,0.11,0.11,0.0,0.0,0.23,0.91,7.61,3.18,0.0,0.57,0.68,84.6,51.4,0.0,0.0,63.6,58.9,46.4,100.0,200.0
906102,Yerco Oyanedel,Universidad de Concepción,11,822,0,1,3,0,11,1,0,469,277,220,34,10,32,6,8,4,7,20,6,8,4,33,17,21,3,5,1,4,0,0.0,0.11,0.11,0.33,1.2,0.11,3.5,0.77,2.19,3.61,0.0,0.55,0.11,79.4,29.4,18.8,50.0,75.0,44.7,16.0,0.0,0.0
896624,Juan Ignacio Díaz,Universidad Católica,9,804,1,0,5,5,3,0,0,682,542,460,80,35,3,1,1,0,28,53,13,18,38,35,61,20,3,8,5,1,0,0.11,0.0,0.11,0.56,0.34,0.0,0.34,3.13,5.93,3.92,0.0,0.9,0.56,84.9,43.8,33.3,0.0,72.2,75.3,65.5,20.0,100.0
1464931,Vicente Espinoza,Palestino,9,810,1,0,5,3,3,0,0,546,414,349,76,37,2,0,2,2,11,64,4,7,15,38,28,28,3,5,4,0,0,0.11,0.0,0.11,0.56,0.33,0.0,0.22,1.22,7.11,4.22,0.0,0.56,0.44,84.3,48.7,0.0,100.0,57.1,50.0,34.9,20.0,60.0
1197239,Marcelo Flores,Deportes Limache,11,947,0,1,3,0,3,1,0,597,286,216,59,25,36,4,19,14,9,44,13,15,9,35,40,28,5,6,2,0,0,0.0,0.1,0.1,0.29,0.29,0.1,3.42,0.86,4.18,3.33,0.0,0.57,0.19,75.5,42.4,11.1,73.7,86.7,58.8,24.3,0.0,0.0
831012,Nicolás Ramírez,Universidad de Chile,11,865,1,0,2,2,3,1,0,677,521,443,59,24,4,1,3,1,8,56,10,20,23,31,46,36,4,8,2,0,0,0.1,0.0,0.1,0.21,0.31,0.1,0.42,0.83,5.83,3.23,0.0,0.83,0.21,85.0,40.7,25.0,33.3,50.0,56.1,39.0,50.0,100.0
1111544,Daniel Gutiérrez,Unión La Calera,10,900,0,1,3,0,2,1,0,595,395,338,39,11,11,2,9,3,3,44,12,19,18,44,52,37,3,9,12,1,0,0.0,0.1,0.1,0.3,0.2,0.1,1.1,0.3,4.4,4.4,0.0,0.9,1.2,85.6,28.2,18.2,33.3,63.2,58.4,32.7,0.0,0.0
1106828,Jeison Fuentealba,Universidad de Concepción,11,865,1,0,14,6,18,2,1,534,313,238,28,13,45,11,34,15,5,5,8,13,2,40,51,57,0,10,21,3,0,0.1,0.0,0.1,1.46,1.87,0.21,4.68,0.52,0.52,4.16,0.0,1.04,2.18,76.0,46.4,24.4,44.1,61.5,47.2,3.4,7.1,42.9
1381958,Santiago Silva,Huachipato,11,906,1,0,8,2,8,1,0,504,348,286,43,19,10,3,18,7,10,11,9,12,5,59,37,38,3,9,13,0,0,0.1,0.0,0.1,0.79,0.79,0.1,0.99,0.99,1.09,5.86,0.0,0.89,1.29,82.2,44.2,30.0,38.9,75.0,49.3,11.6,12.5,25.0
789979,Matías Zaldivia,Universidad de Chile,10,900,1,0,9,4,5,0,1,730,570,449,108,54,2,1,3,2,15,56,7,13,39,52,61,30,3,7,7,1,0,0.1,0.0,0.1,0.9,0.5,0.0,0.2,1.5,5.6,5.2,0.0,0.7,0.7,78.8,50.0,50.0,66.7,53.8,67.0,56.5,11.1,44.4
895340,Marcelo Ortíz,Audax Italiano,10,888,0,1,3,1,2,1,1,646,530,441,107,52,1,0,4,2,11,61,3,7,6,34,16,15,5,3,1,0,0,0.0,0.1,0.1,0.3,0.2,0.1,0.1,1.11,6.18,3.45,0.0,0.3,0.1,83.2,48.6,0.0,50.0,42.9,51.6,28.6,0.0,33.3
870020,Víctor Felipe Méndez,Colo-Colo,11,945,0,1,8,1,33,2,0,788,653,580,44,33,15,5,18,7,6,7,7,11,8,62,30,35,0,4,5,1,0,0.0,0.1,0.1,0.76,3.14,0.19,1.43,0.57,0.67,5.9,0.0,0.38,0.48,88.8,75.0,33.3,38.9,63.6,46.2,18.6,0.0,12.5
889511,Christopher Díaz,Unión La Calera,11,908,0,1,3,0,12,5,0,648,414,300,82,24,43,8,4,2,3,34,7,12,14,37,35,29,2,9,7,1,0,0.0,0.1,0.1,0.3,1.19,0.5,4.26,0.3,3.37,3.67,0.0,0.89,0.69,72.5,29.3,18.6,50.0,58.3,54.7,32.6,0.0,0.0
896753,Facundo Mater,Universidad de Concepción,11,990,0,1,15,4,19,3,1,689,432,340,29,16,9,0,48,16,18,24,14,21,6,51,58,79,3,12,15,0,0,0.0,0.09,0.09,1.36,1.73,0.27,0.82,1.64,2.18,4.64,0.0,1.09,1.36,78.7,55.2,0.0,33.3,66.7,42.3,7.1,0.0,26.7
874853,Ramón Martínez,Deportes Limache,11,972,1,0,1,2,4,0,0,609,458,376,53,27,4,1,10,2,23,20,15,21,22,54,50,47,3,13,6,0,0,0.09,0.0,0.09,0.09,0.37,0.0,0.37,2.13,1.85,5.0,0.0,1.2,0.56,82.1,50.9,25.0,20.0,71.4,51.5,31.9,100.0,200.0
47037,Osvaldo González,Universidad de Concepción,11,969,1,0,6,3,1,0,0,570,443,365,65,19,1,0,6,4,14,57,6,9,34,46,52,34,8,11,5,0,0,0.09,0.0,0.09,0.56,0.09,0.0,0.09,1.3,5.29,4.27,0.0,1.02,0.46,82.4,29.2,0.0,66.7,66.7,60.5,50.0,16.7,50.0
819088,Branco Ampuero,Universidad Católica,11,976,1,0,4,2,1,0,0,687,551,487,64,35,0,0,5,3,20,62,5,7,32,40,49,28,5,4,7,0,0,0.09,0.0,0.09,0.37,0.09,0.0,0.0,1.84,5.72,3.69,0.0,0.37,0.65,88.4,54.7,,60.0,71.4,63.6,53.3,25.0,50.0
2145368,Martín Espinoza Pino,Universidad de Chile,1,13,0,0,1,0,1,0,0,10,5,3,0,0,0,0,0,0,0,2,0,0,1,0,1,2,0,0,0,0,0,0.0,0.0,0.0,6.92,6.92,0.0,0.0,0.0,13.85,0.0,0.0,0.0,0.0,60.0,,,,,33.3,33.3,0.0,0.0
2121648,Martín Gómez,Universidad Católica,3,26,0,0,0,0,0,0,0,15,9,8,0,0,1,0,0,0,0,0,0,0,0,0,0,1,0,0,0,0,0,0.0,0.0,0.0,0.0,0.0,0.0,3.46,0.0,0.0,0.0,0.0,0.0,0.0,88.9,,0.0,,,0.0,0.0,,
177813,Misael Dávila,Deportes Concepción,8,665,0,0,5,0,4,1,0,286,176,132,25,9,15,3,4,1,5,27,7,11,7,17,24,22,4,8,5,1,0,0.0,0.0,0.0,0.68,0.54,0.14,2.03,0.68,3.65,2.3,0.0,1.08,0.68,75.0,36.0,20.0,25.0,63.6,52.2,24.1,0.0,0.0
165511,Ángelo Henríquez,Deportes La Serena,2,17,0,0,1,0,1,0,0,11,8,3,0,0,0,0,0,0,0,0,0,0,3,0,3,1,0,1,0,0,0,0.0,0.0,0.0,5.29,5.29,0.0,0.0,0.0,0.0,0.0,0.0,5.29,0.0,37.5,,,,,75.0,75.0,0.0,0.0
158269,César Dutra,Deportes Concepción,7,630,0,0,0,0,0,0,0,244,152,111,66,26,0,0,0,0,0,7,0,0,3,78,3,0,0,0,0,0,23,0.0,0.0,0.0,0.0,0.0,0.0,0.0,0.0,1.0,11.14,3.29,0.0,0.0,73.0,39.4,,,,100.0,100.0,,
117430,Eugenio Mena,Universidad Católica,7,336,0,0,0,0,3,0,0,214,146,128,13,7,7,1,4,3,2,9,3,5,4,13,12,11,2,2,0,0,0,0.0,0.0,0.0,0.0,0.8,0.0,1.88,0.54,2.41,3.48,0.0,0.54,0.0,87.7,53.8,14.3,75.0,60.0,52.2,26.7,,
2038211,Sebastián Melgarejo,Huachipato,1,1,0,0,0,0,0,0,0,1,1,1,0,0,0,0,0,0,0,0,0,0,0,1,0,1,0,0,0,0,0,0.0,0.0,0.0,0.0,0.0,0.0,0.0,0.0,0.0,90.0,0.0,0.0,0.0,100.0,,,,,0.0,0.0,,
2038202,Rodrigo Godoy,O'Higgins,5,97,0,0,0,0,0,0,0,58,34,22,3,0,8,0,4,1,0,1,0,0,0,2,1,9,0,2,0,1,0,0.0,0.0,0.0,0.0,0.0,0.0,7.42,0.0,0.93,1.86,0.0,1.86,0.0,64.7,0.0,0.0,25.0,,10.0,0.0,,
2038201,José Movillo,O'Higgins,3,189,0,0,1,1,0,0,0,115,83,80,5,3,0,0,0,0,2,17,4,5,3,3,8,8,3,1,0,0,0,0.0,0.0,0.0,0.48,0.0,0.0,0.0,0.95,8.1,1.43,0.0,0.48,0.0,96.4,60.0,,,80.0,50.0,27.3,0.0,100.0
1997135,Martín Jiménez,Audax Italiano,5,145,0,0,2,1,0,0,0,85,53,37,6,1,2,0,4,2,0,8,0,0,1,9,4,7,1,0,1,0,0,0.0,0.0,0.0,1.24,0.0,0.0,1.24,0.0,4.97,5.59,0.0,0.0,0.62,69.8,16.7,0.0,50.0,,36.4,12.5,0.0,50.0
22973,Cristián Suárez,Deportes Concepción,7,530,0,0,1,0,1,0,1,367,285,244,41,22,0,0,2,1,7,44,3,3,16,24,24,17,6,1,4,0,0,0.0,0.0,0.0,0.17,0.17,0.0,0.0,1.19,7.47,4.08,0.0,0.17,0.68,85.6,53.7,,50.0,100.0,58.5,48.5,0.0,0.0
18342,Arturo Vidal,Colo-Colo,10,774,0,0,15,1,5,0,1,762,622,543,107,70,0,0,6,5,22,25,15,23,28,54,64,32,4,8,8,0,0,0.0,0.0,0.0,1.74,0.58,0.0,0.0,2.56,2.91,6.28,0.0,0.93,0.93,87.3,65.4,,83.3,65.2,66.7,46.7,0.0,6.7
2523858,Martín Torrejón,Huachipato,1,4,0,0,0,0,0,0,0,2,1,0,1,0,0,0,0,0,0,0,0,0,0,0,0,1,0,1,0,0,0,0.0,0.0,0.0,0.0,0.0,0.0,0.0,0.0,0.0,0.0,0.0,22.5,0.0,0.0,0.0,,,,0.0,0.0,,
2496220,Benjamín Argandoña,Unión La Calera,1,1,0,0,0,0,1,0,0,10,6,6,0,0,2,1,0,0,0,0,0,0,0,1,0,1,0,0,0,0,0,0.0,0.0,0.0,0.0,90.0,0.0,180.0,0.0,0.0,90.0,0.0,0.0,0.0,100.0,,50.0,,,0.0,0.0,,
2462954,Ricardo Rebolledo,Everton de Viña del Mar,1,29,0,0,1,1,0,0,0,28,24,20,2,1,1,0,0,0,0,0,0,1,0,7,1,1,0,1,0,0,0,0.0,0.0,0.0,3.1,0.0,0.0,3.1,0.0,0.0,21.72,0.0,3.1,0.0,83.3,50.0,0.0,,0.0,50.0,0.0,0.0,100.0
2456836,Joel Ahumada,Audax Italiano,1,16,0,0,0,0,0,0,0,1,1,1,0,0,0,0,0,0,0,0,0,0,0,0,0,0,0,0,0,0,0,0.0,0.0,0.0,0.0,0.0,0.0,0.0,0.0,0.0,0.0,0.0,0.0,0.0,100.0,,,,,,,,
2456453,Maximiliano Fernandez,Unión La Calera,1,16,0,0,0,0,0,0,0,12,7,6,0,0,1,0,3,3,0,0,0,0,0,0,4,0,0,0,1,0,0,0.0,0.0,0.0,0.0,0.0,0.0,5.62,0.0,0.0,0.0,0.0,0.0,5.62,85.7,,0.0,100.0,,100.0,,,
2456021,Albert Gomez,Palestino,1,10,0,0,1,0,0,0,0,5,1,0,0,0,0,0,0,0,0,0,0,0,0,0,0,0,0,1,0,0,0,0.0,0.0,0.0,9.0,0.0,0.0,0.0,0.0,0.0,0.0,0.0,9.0,0.0,0.0,,,,,,,0.0,0.0
2455976,Bastián Sandoval,Deportes La Serena,3,37,0,0,0,0,0,0,0,13,6,5,1,0,1,0,0,0,1,0,0,0,1,2,1,4,0,0,0,0,0,0.0,0.0,0.0,0.0,0.0,0.0,2.43,2.43,0.0,4.86,0.0,0.0,0.0,83.3,0.0,0.0,,,20.0,20.0,,
2455393,Francisco Herrera,Universidad de Concepción,3,66,0,0,0,0,0,0,0,43,32,28,1,1,1,0,0,0,1,1,1,1,2,5,3,6,0,3,0,0,0,0.0,0.0,0.0,0.0,0.0,0.0,1.36,1.36,1.36,6.82,0.0,4.09,0.0,87.5,100.0,0.0,,100.0,33.3,25.0,,
939938,Ariel Cáceres,Deportes Concepción,7,531,0,0,7,0,5,0,0,408,241,202,28,10,22,7,8,3,6,15,6,9,8,21,23,32,1,8,3,0,0,0.0,0.0,0.0,1.19,0.85,0.0,3.73,1.02,2.54,3.56,0.0,1.36,0.51,83.8,35.7,31.8,37.5,66.7,41.8,20.0,0.0,0.0
975502,Jorge Peña,O'Higgins,1,90,0,0,0,0,0,0,0,38,32,24,10,2,0,0,0,0,0,1,0,0,0,7,0,0,0,0,0,0,2,0.0,0.0,0.0,0.0,0.0,0.0,0.0,0.0,1.0,7.0,2.0,0.0,0.0,75.0,20.0,,,,,,,
974009,Sebastián Galani,Coquimbo Unido,9,716,0,0,5,2,8,1,1,479,335,293,24,16,7,2,16,4,8,10,14,19,10,38,49,42,3,9,16,0,0,0.0,0.0,0.0,0.63,1.01,0.13,0.88,1.01,1.26,4.78,0.0,1.13,2.01,87.5,66.7,28.6,25.0,73.7,53.8,19.2,0.0,40.0
974008,Sebastián Cabrera,Coquimbo Unido,5,304,0,0,1,0,6,2,0,241,130,96,30,14,35,7,3,1,5,12,5,7,4,19,15,13,0,4,3,1,0,0.0,0.0,0.0,0.3,1.78,0.59,10.36,1.48,3.55,5.62,0.0,1.18,0.89,73.8,46.7,20.0,33.3,71.4,53.6,23.5,0.0,0.0
973993,Erick Wiemberg,Colo-Colo,5,216,0,0,6,1,2,0,0,196,130,107,7,4,5,0,5,3,2,7,1,3,7,12,13,11,0,2,0,1,0,0.0,0.0,0.0,2.5,0.83,0.0,2.08,0.83,2.92,5.0,0.0,0.83,0.0,82.3,57.1,0.0,60.0,33.3,54.2,38.9,0.0,16.7
920957,Rodrigo Odriozola,Huachipato,4,360,0,0,0,0,0,0,0,140,96,77,44,25,0,0,0,0,0,5,0,0,0,33,0,0,0,0,0,0,11,0.0,0.0,0.0,0.0,0.0,0.0,0.0,0.0,1.25,8.25,2.75,0.0,0.0,80.2,56.8,,,,,,,
906112,Oliver Rojas,Audax Italiano,5,237,0,0,0,0,1,0,0,156,98,71,17,7,1,1,2,2,2,17,4,7,10,4,20,12,3,1,1,0,0,0.0,0.0,0.0,0.0,0.38,0.0,0.38,0.76,6.46,1.52,0.0,0.38,0.38,72.4,41.2,100.0,100.0,57.1,62.5,45.5,,
962130,Fernando Ovelar,Ñublense,10,293,0,0,5,1,7,1,0,195,93,66,6,5,19,5,14,2,1,3,4,7,5,22,23,28,0,4,9,0,0,0.0,0.0,0.0,1.54,2.15,0.31,5.84,0.31,0.92,6.76,0.0,1.23,2.76,71.0,83.3,26.3,14.3,57.1,45.1,15.2,0.0,20.0
956838,Julián Alfaro,Everton de Viña del Mar,10,557,0,0,15,3,7,1,2,316,197,150,17,5,16,4,16,5,1,3,4,6,3,20,21,46,0,14,7,3,0,0.0,0.0,0.0,2.42,1.13,0.16,2.59,0.16,0.48,3.23,0.0,2.26,1.13,76.1,29.4,25.0,31.2,66.7,31.3,6.1,0.0,20.0
951278,Manuel Rivera,Ñublense,11,843,0,0,12,3,6,0,0,527,378,302,39,19,16,6,6,2,10,13,13,20,7,50,37,39,0,10,8,0,0,0.0,0.0,0.0,1.28,0.64,0.0,1.71,1.07,1.39,5.34,0.0,1.07,0.85,79.9,48.7,37.5,33.3,65.0,48.7,15.2,0.0,25.0
951277,Bayron Oyarzo,Unión La Calera,10,681,0,0,11,2,9,0,2,306,142,113,12,10,22,6,39,17,5,1,8,12,0,32,40,73,1,15,11,0,0,0.0,0.0,0.0,1.45,1.19,0.0,2.91,0.66,0.13,4.23,0.0,1.98,1.45,79.6,83.3,27.3,43.6,66.7,35.4,0.0,0.0,18.2
951270,Joaquín Moya,Everton de Viña del Mar,11,939,0,0,6,1,0,0,0,604,437,364,63,35,0,0,15,8,15,17,21,36,8,74,71,42,8,11,19,0,0,0.0,0.0,0.0,0.58,0.0,0.0,0.0,1.44,1.63,7.09,0.0,1.05,1.82,83.3,55.6,,53.3,58.3,62.8,16.0,0.0,16.7
33943,Fernando Meza,Palestino,7,516,0,0,0,0,4,0,0,423,361,316,36,18,3,0,1,0,6,24,3,6,19,24,26,16,4,2,1,0,0,0.0,0.0,0.0,0.0,0.7,0.0,0.52,1.05,4.19,4.19,0.0,0.35,0.17,87.5,50.0,0.0,0.0,50.0,61.9,54.3,,
230054,Bryan Carrasco,Palestino,9,287,0,0,6,1,1,0,1,133,75,59,8,3,8,5,7,2,1,2,2,2,6,15,12,21,0,4,2,1,0,0.0,0.0,0.0,1.88,0.31,0.0,2.51,0.31,0.63,4.7,0.0,1.25,0.63,78.7,37.5,62.5,28.6,100.0,36.4,22.2,0.0,16.7
973523,Diego Carrasco,Deportes Concepción,7,616,0,0,1,0,2,0,0,366,233,172,45,14,3,1,2,0,9,31,7,19,15,20,38,26,3,15,4,0,0,0.0,0.0,0.0,0.15,0.29,0.0,0.44,1.31,4.53,2.92,0.0,2.19,0.58,73.8,31.1,33.3,0.0,36.8,59.4,36.6,0.0,0.0
949422,Carlos Salomón,Ñublense,3,47,0,0,0,0,0,0,0,36,26,19,4,1,0,0,0,0,1,2,1,1,0,3,1,4,0,1,0,0,0,0.0,0.0,0.0,0.0,0.0,0.0,0.0,1.91,3.83,5.74,0.0,1.91,0.0,73.1,25.0,,,100.0,20.0,0.0,,
965967,Juan Manuel Requena,Unión La Calera,9,789,0,0,5,1,3,0,0,628,485,418,59,36,0,0,3,3,18,17,18,23,21,54,62,36,3,9,16,0,0,0.0,0.0,0.0,0.57,0.34,0.0,0.0,2.05,1.94,6.16,0.0,1.03,1.83,86.2,61.0,,100.0,78.3,63.3,36.8,0.0,20.0
965719,Ariel Uribe,Universidad de Concepción,9,225,0,0,10,3,8,1,1,186,114,99,5,5,13,4,9,5,1,1,0,0,2,16,11,29,0,3,4,0,0,0.0,0.0,0.0,4.0,3.2,0.4,5.2,0.4,0.4,6.4,0.0,1.2,1.6,86.8,100.0,30.8,55.6,,27.5,6.5,0.0,30.0
986496,Daniel González,Universidad Católica,3,214,0,0,1,1,0,0,0,139,91,72,19,10,4,1,3,0,0,3,6,9,4,7,13,17,0,3,0,1,0,0.0,0.0,0.0,0.42,0.0,0.0,1.68,0.0,1.26,2.94,0.0,1.26,0.0,79.1,52.6,25.0,0.0,66.7,43.3,19.0,0.0,100.0
986451,Benjamín Gazzolo,Coquimbo Unido,10,900,0,0,3,0,2,0,0,505,343,285,62,28,3,2,4,3,12,75,12,26,36,39,68,31,8,10,3,0,0,0.0,0.0,0.0,0.3,0.2,0.0,0.3,1.2,7.5,3.9,0.0,1.0,0.3,83.1,45.2,66.7,75.0,46.2,68.7,53.7,0.0,0.0
986529,Ethan Espinoza,Deportes Concepción,9,369,0,0,6,4,9,0,0,238,135,120,9,8,15,4,18,11,2,2,6,13,1,27,37,27,0,5,12,2,0,0.0,0.0,0.0,1.46,2.2,0.0,3.66,0.49,0.49,6.59,0.0,1.22,2.93,88.9,88.9,26.7,61.1,46.2,57.8,3.6,0.0,66.7
986513,Dylan Escobar,Coquimbo Unido,4,232,0,0,0,0,0,0,0,138,61,49,7,4,7,1,4,1,3,5,6,8,4,13,14,16,1,7,1,0,0,0.0,0.0,0.0,0.0,0.0,0.0,2.72,1.16,1.94,5.04,0.0,2.72,0.39,80.3,57.1,14.3,25.0,75.0,46.7,20.0,,
981341,Franco Calderón,Universidad de Chile,8,639,0,0,0,0,1,0,0,443,324,271,44,16,0,0,0,0,7,64,7,8,30,22,42,27,4,5,4,0,0,0.0,0.0,0.0,0.0,0.14,0.0,0.0,0.99,9.01,3.1,0.0,0.7,0.56,83.6,36.4,,,87.5,60.9,52.6,,
981333,Dylan Glaby,Coquimbo Unido,9,320,0,0,2,0,2,0,0,199,162,134,11,6,3,0,1,0,1,9,4,7,9,14,17,9,0,3,1,0,0,0.0,0.0,0.0,0.56,0.56,0.0,0.84,0.28,2.53,3.94,0.0,0.84,0.28,82.7,54.5,0.0,0.0,57.1,65.4,50.0,0.0,0.0
978979,José Sanhueza,Universidad de Concepción,3,270,0,0,0,0,0,0,0,85,66,43,33,10,0,0,0,0,0,3,0,0,0,14,0,1,0,0,0,0,8,0.0,0.0,0.0,0.0,0.0,0.0,0.0,0.0,1.0,4.67,2.67,0.0,0.0,65.2,30.3,,,,0.0,0.0,,
976168,Hugo Magallanes,Everton de Viña del Mar,8,720,0,0,4,1,2,0,0,385,263,197,57,17,0,0,1,0,14,60,10,12,30,26,47,22,4,9,5,1,0,0.0,0.0,0.0,0.5,0.25,0.0,0.0,1.75,7.5,3.25,0.0,1.12,0.62,74.9,29.8,,0.0,83.3,68.1,57.7,0.0,25.0
975882,Tomás Ahumada,Audax Italiano,11,990,0,0,0,0,0,0,0,447,358,269,138,52,0,0,0,0,0,11,0,0,2,103,3,0,0,0,1,0,26,0.0,0.0,0.0,0.0,0.0,0.0,0.0,0.0,1.0,9.36,2.36,0.0,0.09,75.1,37.7,,,,100.0,100.0,,
991004,Mario Sandoval,Deportes Concepción,6,288,0,0,6,0,0,0,0,234,184,165,24,18,2,1,1,0,4,2,7,10,1,15,16,12,2,7,5,0,0,0.0,0.0,0.0,1.88,0.0,0.0,0.62,1.25,0.62,4.69,0.0,2.19,1.56,89.7,75.0,50.0,0.0,70.0,57.1,7.7,0.0,0.0
986422,Aldrix Jara,Deportes Concepción,11,669,0,0,14,4,9,1,0,381,199,166,11,6,43,6,28,15,2,4,3,5,2,35,32,55,0,0,10,1,0,0.0,0.0,0.0,1.88,1.21,0.13,5.78,0.27,0.54,4.71,0.0,0.0,1.35,83.4,54.5,14.0,53.6,60.0,36.8,3.5,0.0,28.6
985004,Benjamín Rojas,O'Higgins,6,303,0,0,0,0,5,0,0,196,110,90,21,12,3,2,8,6,4,20,3,7,3,17,22,14,2,3,6,0,0,0.0,0.0,0.0,0.0,1.49,0.0,0.89,1.19,5.94,5.05,0.0,0.89,1.78,81.8,57.1,66.7,75.0,42.9,61.1,17.6,,
988078,Harold Antiñirre,Huachipato,6,175,0,0,1,0,2,0,0,110,56,40,9,3,16,4,1,0,1,3,3,4,3,6,8,9,1,2,1,2,0,0.0,0.0,0.0,0.51,1.03,0.0,8.23,0.51,1.54,3.09,0.0,1.03,0.51,71.4,33.3,25.0,0.0,75.0,47.1,25.0,0.0,0.0
987924,Antonio Castillo,Cobresal,4,303,0,0,1,0,4,0,0,211,117,96,11,7,12,4,6,2,3,15,6,9,3,16,15,15,2,1,1,0,0,0.0,0.0,0.0,0.3,1.19,0.0,3.56,0.89,4.46,4.75,0.0,0.3,0.3,82.1,63.6,33.3,33.3,66.7,50.0,16.7,0.0,0.0
986676,Matías Plaza,Ñublense,11,621,0,0,17,4,21,1,2,463,271,219,17,10,49,15,20,11,7,3,16,22,6,44,49,38,0,9,10,1,0,0.0,0.0,0.0,2.46,3.04,0.14,7.1,1.01,0.43,6.38,0.0,1.3,1.45,80.8,58.8,30.6,55.0,72.7,56.3,13.6,0.0,23.5
986647,Lukas Soza,Coquimbo Unido,1,90,0,0,1,1,0,0,1,44,25,18,3,1,0,0,0,0,1,8,1,3,2,3,5,2,2,2,0,0,0,0.0,0.0,0.0,1.0,0.0,0.0,0.0,1.0,8.0,3.0,0.0,2.0,0.0,72.0,33.3,,,33.3,71.4,50.0,0.0,100.0
889500,Nicolás Fernández,Universidad de Chile,3,33,0,0,0,0,0,0,0,19,13,11,2,1,0,0,1,0,0,1,1,1,1,1,2,5,0,1,0,0,0,0.0,0.0,0.0,0.0,0.0,0.0,0.0,0.0,2.73,2.73,0.0,2.73,0.0,84.6,50.0,,0.0,100.0,28.6,16.7,,
889043,Rodrigo Holgado,Coquimbo Unido,3,92,0,0,7,2,1,0,0,68,36,22,4,0,0,0,6,2,0,0,0,0,3,3,5,14,0,1,0,0,0,0.0,0.0,0.0,6.85,0.98,0.0,0.0,0.0,0.0,2.93,0.0,0.98,0.0,61.1,0.0,,33.3,,26.3,17.6,0.0,28.6
886915,Ramiro González,Everton de Viña del Mar,4,280,0,0,1,0,2,0,0,164,125,105,21,11,0,0,0,0,1,25,1,3,4,14,7,8,5,1,0,0,0,0.0,0.0,0.0,0.32,0.64,0.0,0.0,0.32,8.04,4.5,0.0,0.32,0.0,84.0,52.4,,,33.3,46.7,33.3,0.0,0.0
886912,Benjamín Berríos,Everton de Viña del Mar,7,626,0,0,1,0,6,0,0,463,331,277,29,15,14,3,12,5,9,19,4,5,6,41,23,26,5,5,7,0,0,0.0,0.0,0.0,0.14,0.86,0.0,2.01,1.29,2.73,5.89,0.0,0.72,1.01,83.7,51.7,21.4,41.7,80.0,46.9,18.8,0.0,0.0
927110,Alexander Pastene,Unión La Calera,1,90,0,0,1,0,0,0,0,59,39,31,2,0,2,0,0,0,2,4,1,1,3,3,5,1,0,0,1,0,0,0.0,0.0,0.0,1.0,0.0,0.0,2.0,2.0,4.0,3.0,0.0,0.0,1.0,79.5,0.0,0.0,,100.0,83.3,75.0,0.0,0.0
925598,Jorge Pinos,Cobresal,6,540,0,0,0,0,0,0,0,204,137,93,95,51,0,0,1,1,0,7,0,0,2,51,3,0,0,0,0,0,22,0.0,0.0,0.0,0.0,0.0,0.0,0.0,0.0,1.17,8.5,3.67,0.0,0.0,67.9,53.7,,100.0,,100.0,100.0,,
924858,Javier Méndez,Colo-Colo,3,25,0,0,0,0,0,0,0,11,4,3,2,1,0,0,1,1,1,3,0,0,0,0,1,4,0,1,0,0,0,0.0,0.0,0.0,0.0,0.0,0.0,0.0,3.6,10.8,0.0,0.0,3.6,0.0,75.0,50.0,,100.0,,20.0,0.0,,
924505,Eryin Sanhueza,Deportes La Serena,1,56,0,0,0,0,0,0,0,37,26,15,17,6,0,0,0,0,0,1,0,0,0,13,0,0,0,0,0,0,3,0.0,0.0,0.0,0.0,0.0,0.0,0.0,0.0,1.61,20.89,4.82,0.0,0.0,57.7,35.3,,,,,,,
924468,Matías Cavalleri,Deportes Concepción,6,269,0,0,5,1,1,0,0,144,65,52,7,3,18,4,11,2,2,2,7,9,1,6,17,22,1,4,5,0,0,0.0,0.0,0.0,1.67,0.33,0.0,6.02,0.67,0.67,2.01,0.0,1.34,1.67,80.0,42.9,22.2,18.2,77.8,43.6,4.3,0.0,20.0
924180,Claudio González,Deportes Limache,4,360,0,0,0,0,0,0,0,125,97,73,39,16,0,0,0,0,0,0,0,0,1,27,1,0,0,0,0,0,8,0.0,0.0,0.0,0.0,0.0,0.0,0.0,0.0,0.0,6.75,2.0,0.0,0.0,75.3,41.0,,,,100.0,100.0,,
988146,Cristian Toro,Huachipato,3,148,0,0,0,0,1,0,0,103,68,54,13,6,2,0,0,0,1,17,2,3,2,7,6,11,1,5,1,0,0,0.0,0.0,0.0,0.0,0.61,0.0,1.22,0.61,10.34,4.26,0.0,3.04,0.61,79.4,46.2,0.0,,66.7,35.3,15.4,,
988143,Cristopher Barrera,Everton de Viña del Mar,4,171,0,0,0,0,2,0,0,101,71,58,5,2,3,0,2,0,1,2,2,4,0,9,4,6,0,5,0,0,0,0.0,0.0,0.0,0.0,1.05,0.0,1.58,0.53,1.05,4.74,0.0,2.63,0.0,81.7,40.0,0.0,0.0,50.0,40.0,0.0,,
986609,Jorge Espejo,Universidad de Concepción,9,661,0,0,7,1,5,0,1,352,186,148,24,12,23,6,15,9,9,8,6,8,2,34,27,31,0,4,8,2,0,0.0,0.0,0.0,0.95,0.68,0.0,3.13,1.23,1.09,4.63,0.0,0.54,1.09,79.6,50.0,26.1,60.0,75.0,46.6,6.1,0.0,14.3
986626,Jovany Campusano,Ñublense,10,886,0,0,3,1,6,0,0,554,321,244,45,12,41,11,5,2,8,29,15,24,10,43,43,38,2,12,7,0,0,0.0,0.0,0.0,0.3,0.61,0.0,4.16,0.81,2.95,4.37,0.0,1.22,0.71,76.0,26.7,26.8,40.0,62.5,53.1,20.8,0.0,33.3
1016643,Aaron Astudillo,Cobresal,9,691,0,0,2,0,5,0,0,477,307,274,20,12,27,5,11,6,6,17,11,16,3,36,30,39,2,13,5,0,0,0.0,0.0,0.0,0.26,0.65,0.0,3.52,0.78,2.21,4.69,0.0,1.69,0.65,89.3,60.0,18.5,54.5,68.8,43.5,7.1,0.0,0.0
986598,Joaquín Gutiérrez,Deportes La Serena,10,696,0,0,14,2,5,1,2,296,161,115,4,2,24,4,7,3,3,15,3,5,6,27,18,22,0,2,4,4,0,0.0,0.0,0.0,1.81,0.65,0.13,3.1,0.39,1.94,3.49,0.0,0.26,0.52,71.4,50.0,16.7,42.9,60.0,45.0,21.4,0.0,14.3
1015274,Joaquín Sosa,Colo-Colo,11,915,0,0,9,2,3,1,0,773,588,499,90,44,10,2,5,3,6,48,17,26,26,44,62,53,2,12,7,0,0,0.0,0.0,0.0,0.89,0.3,0.1,0.98,0.59,4.72,4.33,0.0,1.18,0.69,84.9,48.9,20.0,60.0,65.4,53.9,32.9,0.0,22.2
1014802,Rodrigo Sandoval,Cobresal,7,402,0,0,3,1,1,0,0,263,139,106,20,13,16,4,14,6,9,6,9,10,1,19,17,26,0,5,0,0,0,0.0,0.0,0.0,0.67,0.22,0.0,3.58,2.01,1.34,4.25,0.0,1.12,0.0,76.3,65.0,25.0,42.9,90.0,39.5,3.7,0.0,33.3
1014798,Luciano Arriagada,Huachipato,3,47,0,0,2,0,0,0,0,22,12,10,0,0,0,0,0,0,1,0,1,2,0,1,2,3,0,1,0,0,0,0.0,0.0,0.0,3.83,0.0,0.0,0.0,1.91,0.0,1.91,0.0,1.91,0.0,83.3,,,,50.0,40.0,0.0,0.0,0.0
986548,Francisco Salinas,Coquimbo Unido,9,771,0,0,17,5,8,2,2,656,376,282,38,17,28,8,19,11,16,30,10,12,47,59,76,50,3,15,6,0,0,0.0,0.0,0.0,1.98,0.93,0.23,3.27,1.87,3.5,6.89,0.0,1.75,0.7,75.0,44.7,28.6,57.9,83.3,60.3,48.5,0.0,29.4
1014795,Jonathan Villagra,Colo-Colo,11,981,0,0,6,3,4,0,2,682,522,461,47,26,3,0,8,5,17,55,13,14,22,39,49,45,4,12,8,0,0,0.0,0.0,0.0,0.55,0.37,0.0,0.28,1.56,5.05,3.58,0.0,1.1,0.73,88.3,55.3,0.0,62.5,92.9,52.1,32.8,0.0,50.0
1002945,Nicolás Garrido,O'Higgins,7,630,0,0,3,0,1,0,0,426,320,267,64,30,0,0,1,0,7,66,5,10,24,16,35,17,4,3,1,0,0,0.0,0.0,0.0,0.43,0.14,0.0,0.0,1.0,9.43,2.29,0.0,0.43,0.14,83.4,46.9,,0.0,50.0,67.3,58.5,0.0,0.0
863129,Sebastián Valencia,Ñublense,8,644,0,0,0,0,1,0,0,448,304,236,73,30,5,2,0,0,10,53,8,10,13,27,26,15,1,8,3,0,0,0.0,0.0,0.0,0.0,0.14,0.0,0.7,1.4,7.41,3.77,0.0,1.12,0.42,77.6,41.1,40.0,,80.0,63.4,46.4,,
1002936,Cristian Riquelme,Colo-Colo,1,15,0,0,0,0,0,0,0,21,9,8,1,1,4,0,1,0,1,0,1,2,1,3,3,6,0,2,0,0,0,0.0,0.0,0.0,0.0,0.0,0.0,24.0,6.0,0.0,18.0,0.0,12.0,0.0,88.9,100.0,0.0,0.0,50.0,33.3,14.3,,
863124,Misael Llantén,Deportes Limache,10,333,0,0,2,2,4,0,0,205,157,134,11,5,1,0,3,0,3,4,4,9,2,9,13,23,2,5,2,0,0,0.0,0.0,0.0,0.54,1.08,0.0,0.27,0.81,1.08,2.43,0.0,1.35,0.54,85.4,45.5,0.0,0.0,44.4,36.1,8.0,0.0,100.0
861299,Carlo Villanueva,Unión La Calera,3,128,0,0,1,0,0,0,0,62,40,30,3,1,2,0,3,0,0,0,1,3,2,6,7,7,0,2,2,0,0,0.0,0.0,0.0,0.7,0.0,0.0,1.41,0.0,0.0,4.22,0.0,1.41,1.41,75.0,33.3,0.0,0.0,33.3,50.0,22.2,0.0,0.0
892450,Alan Robledo,O'Higgins,5,450,0,0,2,0,0,0,0,231,174,138,29,10,0,0,0,0,7,30,3,4,8,13,14,10,3,3,2,0,0,0.0,0.0,0.0,0.4,0.0,0.0,0.0,1.4,6.0,2.6,0.0,0.6,0.4,79.3,34.5,,,75.0,58.3,44.4,0.0,0.0
1015675,Pablo Calderón,Ñublense,4,298,0,0,5,1,0,0,0,181,126,104,21,8,1,0,0,0,3,20,5,6,9,6,20,21,0,14,5,0,0,0.0,0.0,0.0,1.51,0.0,0.0,0.3,0.91,6.04,1.81,0.0,4.23,1.51,82.5,38.1,0.0,,83.3,48.8,30.0,0.0,20.0
889519,Franco Bechtholdt,Cobresal,10,855,0,0,2,0,0,0,0,453,312,262,58,30,0,0,1,0,15,61,14,21,22,26,44,44,5,17,1,0,0,0.0,0.0,0.0,0.21,0.0,0.0,0.0,1.58,6.42,2.74,0.0,1.79,0.11,84.0,51.7,,0.0,66.7,50.0,33.3,0.0,0.0
1002931,Bruno Gutiérrez,Deportes La Serena,11,849,0,0,3,0,3,1,0,444,203,154,31,10,8,2,4,2,8,37,14,23,5,28,50,19,3,3,20,0,0,0.0,0.0,0.0,0.32,0.32,0.11,0.85,0.85,3.92,2.97,0.0,0.32,2.12,75.9,32.3,25.0,50.0,60.9,72.5,20.8,0.0,0.0
995285,Alejandro Santander,Cobresal,5,450,0,0,0,0,0,0,0,187,113,69,74,31,0,0,0,0,0,5,0,0,4,63,5,0,0,0,1,0,13,0.0,0.0,0.0,0.0,0.0,0.0,0.0,0.0,1.0,12.6,2.6,0.0,0.2,61.1,41.9,,,,100.0,100.0,,
1002740,Santiago Silva Azambuja,Universidad de Concepción,8,720,0,0,0,0,1,1,0,296,205,144,96,36,0,0,2,1,0,10,0,0,0,85,1,1,0,0,0,0,30,0.0,0.0,0.0,0.0,0.12,0.12,0.0,0.0,1.25,10.62,3.75,0.0,0.0,70.2,37.5,,50.0,,50.0,0.0,,
1087387,Marcelo Morales,Universidad de Chile,7,524,0,0,7,2,13,1,0,373,195,141,39,12,38,11,11,6,10,15,6,14,5,30,33,29,2,9,8,0,0,0.0,0.0,0.0,1.2,2.23,0.17,6.53,1.72,2.58,5.15,0.0,1.55,1.37,72.3,30.8,28.9,54.5,42.9,53.2,14.7,0.0,28.6
1064150,Nicolás Meza,Palestino,9,373,0,0,4,0,3,0,0,226,173,157,25,20,3,0,2,1,4,14,2,7,1,18,10,14,3,5,1,0,0,0.0,0.0,0.0,0.97,0.72,0.0,0.72,0.97,3.38,4.34,0.0,1.21,0.24,90.8,80.0,0.0,50.0,28.6,41.7,6.7,0.0,0.0
1022801,Mauricio Vera,Deportes Concepción,2,162,0,0,3,0,0,0,0,98,74,66,8,3,0,0,0,0,3,3,4,6,3,6,11,4,0,1,2,0,0,0.0,0.0,0.0,1.67,0.0,0.0,0.0,1.67,1.67,3.33,0.0,0.56,1.11,89.2,37.5,,,66.7,73.3,42.9,0.0,0.0
1089454,Francis Mac Allister,Deportes La Serena,10,788,0,0,6,0,2,0,0,506,377,312,58,31,3,0,5,5,14,21,16,31,10,30,48,39,5,9,2,0,0,0.0,0.0,0.0,0.69,0.23,0.0,0.34,1.6,2.4,3.43,0.0,1.03,0.23,82.8,53.4,0.0,100.0,51.6,55.2,20.4,0.0,0.0
1022259,Jeyson Rojas,Colo-Colo,10,834,0,0,9,1,8,1,1,559,318,255,37,14,38,9,12,3,7,26,12,20,13,33,42,39,2,5,6,4,0,0.0,0.0,0.0,0.97,0.86,0.11,4.1,0.76,2.81,3.56,0.0,0.54,0.65,80.2,37.8,23.7,25.0,60.0,51.9,25.0,0.0,11.1
832663,Christian Moreno,Cobresal,8,675,0,0,3,0,1,0,0,327,212,178,29,8,0,0,2,1,4,56,10,14,12,23,29,16,8,5,2,0,0,0.0,0.0,0.0,0.4,0.13,0.0,0.0,0.53,7.47,3.07,0.0,0.67,0.27,84.0,27.6,,50.0,71.4,64.4,42.9,0.0,0.0
830940,Nicolás Araya,Deportes Concepción,4,360,0,0,0,0,1,0,0,142,94,69,36,11,0,0,0,0,0,3,1,1,1,42,3,0,0,0,1,0,9,0.0,0.0,0.0,0.0,0.25,0.0,0.0,0.0,0.75,10.5,2.25,0.0,0.25,73.4,30.6,,,100.0,100.0,100.0,,
831242,Omar Carabalí,O'Higgins,10,900,0,0,0,0,1,0,0,414,310,228,139,59,0,0,0,0,0,5,0,0,1,99,5,0,0,0,4,0,28,0.0,0.0,0.0,0.0,0.1,0.0,0.0,0.0,0.5,9.9,2.8,0.0,0.4,73.5,42.4,,,,100.0,100.0,,
829288,Salvador Cordero,Coquimbo Unido,7,310,0,0,6,1,1,0,1,215,149,116,13,4,2,0,7,1,5,5,10,12,4,21,21,16,0,3,4,0,0,0.0,0.0,0.0,1.74,0.29,0.0,0.58,1.45,1.45,6.1,0.0,0.87,1.16,77.9,30.8,0.0,14.3,83.3,56.8,20.0,0.0,16.7
883483,Moisés González,Universidad de Concepción,4,200,0,0,2,0,0,0,1,120,80,65,12,7,1,1,0,0,0,9,2,4,3,11,8,9,1,2,1,0,0,0.0,0.0,0.0,0.9,0.0,0.0,0.45,0.0,4.05,4.95,0.0,0.9,0.45,81.2,58.3,100.0,,50.0,47.1,25.0,0.0,0.0
36995,Rafael Caroca,Huachipato,11,990,0,0,5,3,2,0,2,573,414,380,28,19,0,0,0,0,15,77,6,12,42,38,60,43,7,7,6,1,0,0.0,0.0,0.0,0.45,0.18,0.0,0.0,1.36,7.0,3.45,0.0,0.64,0.55,91.8,67.9,,,50.0,58.3,49.4,0.0,60.0
22975,Gary Medel,Universidad Católica,7,629,0,0,0,0,3,0,0,466,408,377,39,26,1,0,1,1,8,9,9,13,3,38,27,11,2,5,10,0,0,0.0,0.0,0.0,0.0,0.43,0.0,0.14,1.14,1.29,5.44,0.0,0.72,1.43,92.4,66.7,0.0,100.0,69.2,71.1,21.4,,
875564,Augusto Aguirre,Deportes Limache,11,990,0,0,9,1,2,0,1,592,449,371,85,30,4,1,3,1,15,50,7,10,4,44,20,17,7,4,5,0,0,0.0,0.0,0.0,0.82,0.18,0.0,0.36,1.36,4.55,4.0,0.0,0.36,0.45,82.6,35.3,25.0,33.3,70.0,54.1,19.0,0.0,11.1
877098,Danilo Catalán,Deportes Limache,2,10,0,0,1,0,0,0,0,5,2,2,0,0,0,0,0,0,0,1,0,0,0,0,0,0,0,0,0,0,0,0.0,0.0,0.0,9.0,0.0,0.0,0.0,0.0,9.0,0.0,0.0,0.0,0.0,100.0,,,,,,,0.0,0.0
1019924,Elvis Hernández,Coquimbo Unido,3,221,0,0,1,0,0,0,0,110,79,62,13,5,0,0,0,0,4,15,3,3,5,10,9,4,0,2,1,0,0,0.0,0.0,0.0,0.41,0.0,0.0,0.0,1.63,6.11,4.07,0.0,0.81,0.41,78.5,38.5,,,100.0,69.2,55.6,0.0,0.0
874123,Matías Bórquez,Deportes Limache,7,630,0,0,0,0,0,0,0,244,192,125,122,55,0,0,0,0,0,4,0,0,3,63,3,0,0,0,0,0,19,0.0,0.0,0.0,0.0,0.0,0.0,0.0,0.0,0.57,9.0,2.71,0.0,0.0,65.1,45.1,,,,100.0,100.0,,
1016766,Alfred Canales,Universidad Católica,4,58,0,0,3,1,0,0,1,79,58,47,7,3,1,0,1,1,0,2,0,1,3,7,5,6,0,1,0,0,0,0.0,0.0,0.0,4.66,0.0,0.0,1.55,0.0,3.1,10.86,0.0,1.55,0.0,81.0,42.9,0.0,100.0,0.0,45.5,33.3,0.0,33.3
1016653,Vicente Bernedo,Universidad Católica,11,990,0,0,0,0,0,0,0,435,333,255,132,61,0,0,0,0,0,7,1,1,4,105,7,0,0,0,3,0,27,0.0,0.0,0.0,0.0,0.0,0.0,0.0,0.0,0.64,9.55,2.45,0.0,0.27,76.6,46.2,,,100.0,100.0,100.0,,
1119737,Gonzalo Flores,Coquimbo Unido,1,90,0,0,0,0,0,0,0,46,32,18,28,14,0,0,0,0,0,1,0,1,0,17,1,0,0,0,0,0,1,0.0,0.0,0.0,0.0,0.0,0.0,0.0,0.0,1.0,17.0,1.0,0.0,0.0,56.2,50.0,,,0.0,100.0,,,
872138,Andrés Zanini,Deportes La Serena,7,561,0,0,0,0,1,0,0,372,257,185,56,17,0,0,2,1,17,47,10,14,35,21,53,27,4,9,4,0,0,0.0,0.0,0.0,0.0,0.16,0.0,0.0,2.73,7.54,3.37,0.0,1.44,0.64,72.0,30.4,,50.0,71.4,66.2,56.5,,
1108549,Claudio Torres,Huachipato,5,139,0,0,3,0,2,0,1,86,45,26,4,1,4,1,6,4,0,1,2,6,5,4,16,7,0,2,1,1,0,0.0,0.0,0.0,1.94,1.29,0.0,2.59,0.0,0.65,2.59,0.0,1.29,0.65,57.8,25.0,25.0,66.7,33.3,69.6,41.7,0.0,0.0
818874,Fernando de Paul,Colo-Colo,9,790,0,0,0,0,0,0,0,303,226,157,108,43,0,0,0,0,0,5,0,0,2,72,3,1,0,0,1,0,13,0.0,0.0,0.0,0.0,0.0,0.0,0.0,0.0,0.57,8.2,1.48,0.0,0.11,69.5,39.8,,,,75.0,66.7,,
818693,Bernardo Cerezo,Universidad Católica,5,217,0,0,1,0,7,0,0,160,98,78,21,9,15,5,3,0,2,5,1,2,2,7,7,12,0,1,3,0,0,0.0,0.0,0.0,0.41,2.9,0.0,6.22,0.83,2.07,2.9,0.0,0.41,1.24,79.6,42.9,33.3,0.0,50.0,36.8,14.3,0.0,0.0
805305,José Bizama,Palestino,5,400,0,0,0,0,0,0,0,239,185,164,11,7,1,0,0,0,3,31,5,7,12,13,22,16,3,7,3,0,0,0.0,0.0,0.0,0.0,0.0,0.0,0.22,0.68,6.98,2.92,0.0,1.58,0.68,88.6,63.6,0.0,,71.4,57.9,42.9,,
846140,Felipe Villagrán,Everton de Viña del Mar,1,15,0,0,1,0,0,0,0,7,4,1,2,1,1,0,1,0,0,0,0,0,0,0,0,2,0,0,0,0,0,0.0,0.0,0.0,6.0,0.0,0.0,6.0,0.0,0.0,0.0,0.0,0.0,0.0,25.0,50.0,0.0,0.0,,0.0,0.0,0.0,0.0
844224,Tomás Alarcón,Colo-Colo,10,811,0,0,7,2,22,2,0,743,587,497,77,43,49,16,8,4,12,13,7,11,10,47,30,40,3,14,5,0,0,0.0,0.0,0.0,0.78,2.44,0.22,5.44,1.33,1.44,5.22,0.0,1.55,0.55,84.7,55.8,32.7,50.0,63.6,42.9,20.0,0.0,28.6
844183,Juan Leiva,O'Higgins,10,757,0,0,8,4,4,0,1,505,416,366,27,14,7,0,8,4,4,3,11,16,4,47,26,26,1,4,2,0,0,0.0,0.0,0.0,0.95,0.48,0.0,0.83,0.48,0.36,5.59,0.0,0.48,0.24,88.0,51.9,0.0,50.0,68.8,50.0,13.3,0.0,50.0
1017169,Javier Saldías,Unión La Calera,4,130,0,0,0,0,1,0,0,94,56,38,12,6,5,2,1,1,2,4,5,7,3,4,11,6,0,0,0,0,0,0.0,0.0,0.0,0.0,0.69,0.0,3.46,1.38,2.77,2.77,0.0,0.0,0.0,67.9,50.0,40.0,100.0,71.4,64.7,33.3,,
1106831,José Ignacio Castro,Huachipato,3,76,0,0,3,2,1,1,0,60,24,20,2,1,2,0,2,2,0,3,0,2,0,3,6,7,0,0,2,0,0,0.0,0.0,0.0,3.55,1.18,1.18,2.37,0.0,3.55,3.55,0.0,0.0,2.37,83.3,50.0,0.0,100.0,0.0,46.2,0.0,0.0,66.7
1106822,Bastián Ubal,Universidad de Concepción,2,38,0,0,0,0,1,0,0,23,16,10,5,1,0,0,0,0,2,1,2,2,1,4,3,2,0,1,0,0,0,0.0,0.0,0.0,0.0,2.37,0.0,0.0,4.74,2.37,9.47,0.0,2.37,0.0,62.5,20.0,,,100.0,60.0,33.3,,
1177673,Kevin Altez,Huachipato,8,226,0,0,8,3,4,0,1,139,76,69,6,5,3,1,11,1,3,1,2,5,2,12,11,30,0,6,3,0,0,0.0,0.0,0.0,3.19,1.59,0.0,1.19,1.19,0.4,4.78,0.0,2.39,1.19,90.8,83.3,33.3,9.1,40.0,26.8,6.2,0.0,37.5
1177235,Daniel Piña,Audax Italiano,11,990,0,0,5,0,4,0,0,701,515,448,80,46,10,2,2,2,9,55,11,13,19,53,41,29,6,9,8,0,0,0.0,0.0,0.0,0.45,0.36,0.0,0.91,0.82,5.0,4.82,0.0,0.82,0.73,87.0,57.5,20.0,100.0,84.6,58.6,39.6,0.0,0.0
1176822,Diego Ulloa,Colo-Colo,10,829,0,0,4,0,5,0,0,593,333,268,26,8,38,5,21,13,9,27,8,14,24,51,64,42,3,11,13,1,0,0.0,0.0,0.0,0.43,0.54,0.0,4.13,0.98,2.93,5.54,0.0,1.19,1.41,80.5,30.8,13.2,61.9,57.1,60.4,36.4,0.0,0.0
1155908,Matías Pinto,Deportes La Serena,2,30,0,0,0,0,1,0,0,25,13,6,1,0,2,0,1,0,1,0,1,1,1,4,3,3,0,1,1,0,0,0.0,0.0,0.0,0.0,3.0,0.0,6.0,3.0,0.0,12.0,0.0,3.0,3.0,46.2,0.0,0.0,0.0,100.0,50.0,25.0,,
1125923,Gonzalo Tapia,Palestino,7,283,0,0,7,2,4,1,0,137,91,71,6,4,1,0,3,2,0,3,1,2,7,12,18,17,0,2,7,0,0,0.0,0.0,0.0,2.23,1.27,0.32,0.32,0.0,0.95,3.82,0.0,0.64,2.23,78.0,66.7,0.0,66.7,50.0,51.4,29.2,0.0,28.6
1125898,Ángel Gillard,Deportes Concepción,10,231,0,0,6,2,2,0,0,106,50,37,6,2,3,1,7,2,4,3,2,3,4,7,12,24,0,5,3,1,0,0.0,0.0,0.0,2.34,0.78,0.0,1.17,1.56,1.17,2.73,0.0,1.95,1.17,74.0,33.3,33.3,28.6,66.7,33.3,14.3,0.0,33.3
1125882,Harol Salgado,Universidad de Concepción,5,154,0,0,3,0,2,1,1,83,61,49,6,4,1,0,2,1,2,1,3,4,1,7,7,13,0,5,1,1,0,0.0,0.0,0.0,1.75,1.17,0.58,0.58,1.17,0.58,4.09,0.0,2.92,0.58,80.3,66.7,0.0,50.0,75.0,35.0,7.1,0.0,0.0
1125514,Carlos Morales,Deportes Limache,6,103,0,0,1,1,1,0,1,96,49,39,7,4,12,1,6,4,1,1,5,7,1,13,14,7,0,3,2,0,0,0.0,0.0,0.0,0.87,0.87,0.0,10.49,0.87,0.87,11.36,0.0,2.62,1.75,79.6,57.1,8.3,66.7,71.4,66.7,12.5,0.0,100.0
1125257,Nicolás Palma,Unión La Calera,7,614,0,0,0,0,0,0,0,389,320,276,41,18,0,0,0,0,5,32,4,7,8,20,18,16,5,0,3,0,0,0.0,0.0,0.0,0.0,0.0,0.0,0.0,0.73,4.69,2.93,0.0,0.0,0.44,86.2,43.9,,,57.1,52.9,33.3,,
1386875,Dilan Salgado,Palestino,4,77,0,0,1,0,2,0,0,54,25,16,2,1,11,2,4,2,0,5,1,1,2,2,5,7,0,5,0,0,0,0.0,0.0,0.0,1.17,2.34,0.0,12.86,0.0,5.84,2.34,0.0,5.84,0.0,64.0,50.0,18.2,50.0,100.0,41.7,22.2,0.0,0.0
1385673,Valentín Vidal,Everton de Viña del Mar,7,480,0,0,3,0,3,0,1,260,174,151,31,17,3,2,2,1,5,18,7,11,6,16,19,15,4,3,1,0,0,0.0,0.0,0.0,0.56,0.56,0.0,0.56,0.94,3.38,3.0,0.0,0.56,0.19,86.8,54.8,66.7,50.0,63.6,55.9,28.6,0.0,0.0
1384819,Yahir Salazar,Deportes La Serena,8,688,0,0,4,1,2,0,0,373,174,113,19,5,15,0,15,11,10,22,12,23,8,22,46,27,2,8,4,1,0,0.0,0.0,0.0,0.52,0.26,0.0,1.96,1.31,2.88,2.88,0.0,1.05,0.52,64.9,26.3,0.0,73.3,52.2,63.0,22.9,0.0,25.0
1384618,Byron Navarro,Everton de Viña del Mar,3,87,0,0,2,0,1,0,0,61,35,26,6,4,2,0,0,0,2,4,1,2,1,4,3,6,1,1,0,0,0,0.0,0.0,0.0,2.07,1.03,0.0,2.07,2.07,4.14,4.14,0.0,1.03,0.0,74.3,66.7,0.0,,50.0,33.3,14.3,0.0,0.0
1116992,Antonio Ceza,Palestino,3,82,0,0,1,0,1,0,0,65,47,42,5,2,2,0,0,0,0,5,2,3,2,3,5,2,1,1,0,0,0,0.0,0.0,0.0,1.1,1.1,0.0,2.2,0.0,5.49,3.29,0.0,1.1,0.0,89.4,40.0,0.0,,66.7,71.4,50.0,0.0,0.0
1216169,Vicente Vega,Everton de Viña del Mar,4,293,0,0,2,0,0,0,0,189,116,91,17,7,5,0,4,2,1,13,8,12,8,11,26,16,0,6,4,0,0,0.0,0.0,0.0,0.61,0.0,0.0,1.54,0.31,3.99,3.38,0.0,1.84,1.23,78.4,41.2,0.0,50.0,66.7,61.9,33.3,0.0,0.0
1201172,Lucas Romero,Universidad de Chile,4,195,0,0,1,1,0,0,0,126,93,71,10,5,0,0,1,0,3,12,2,4,4,10,10,9,1,2,2,0,0,0.0,0.0,0.0,0.46,0.0,0.0,0.0,1.38,5.54,4.62,0.0,0.92,0.92,76.3,50.0,,0.0,50.0,52.6,30.8,0.0,100.0
790001,Ignacio González,Everton de Viña del Mar,11,990,0,0,0,0,0,0,0,300,193,127,98,34,0,0,0,0,0,17,0,0,5,70,6,2,0,1,2,0,39,0.0,0.0,0.0,0.0,0.0,0.0,0.0,0.0,1.55,6.36,3.55,0.09,0.18,65.8,34.7,,,,75.0,71.4,,
1199394,Axel Alfonzo,Deportes Limache,8,411,0,0,2,1,1,0,0,247,187,153,34,10,0,0,1,0,5,42,1,1,13,6,14,14,3,2,0,0,0,0.0,0.0,0.0,0.44,0.22,0.0,0.0,1.09,9.2,1.31,0.0,0.44,0.0,81.8,29.4,,0.0,100.0,50.0,48.1,0.0,50.0
789923,Federico Lanzillotta,Deportes La Serena,11,934,0,0,0,0,1,0,0,372,291,201,115,26,0,0,0,0,0,10,0,0,3,70,4,1,0,0,2,0,28,0.0,0.0,0.0,0.0,0.1,0.0,0.0,0.0,0.96,6.75,2.7,0.0,0.19,69.1,22.6,,,,80.0,75.0,,
822449,Camilo Moya,Unión La Calera,9,295,0,0,2,1,3,0,0,199,166,138,20,14,0,0,1,0,6,3,3,5,3,18,11,14,1,5,3,0,0,0.0,0.0,0.0,0.61,0.92,0.0,0.0,1.83,0.92,5.49,0.0,1.53,0.92,83.1,70.0,,0.0,60.0,44.0,17.6,0.0,50.0
822444,Yerko Leiva,Unión La Calera,7,342,0,0,3,0,1,0,1,265,197,166,16,6,5,1,3,1,8,0,4,9,0,24,17,20,0,6,7,0,0,0.0,0.0,0.0,0.79,0.26,0.0,1.32,2.11,0.0,6.32,0.0,1.58,1.84,84.3,37.5,20.0,33.3,44.4,45.9,0.0,0.0,0.0
819115,Jhojan Valencia,Universidad Católica,11,579,0,0,5,0,8,0,0,502,406,352,27,13,8,2,9,7,6,6,14,18,9,40,36,36,2,15,2,2,0,0.0,0.0,0.0,0.78,1.24,0.0,1.24,0.93,0.93,6.22,0.0,2.33,0.31,86.7,48.1,25.0,77.8,77.8,50.0,20.0,0.0,0.0
819075,Osvaldo Bosso,Ñublense,11,990,0,0,5,1,0,0,0,494,359,316,42,21,0,0,2,1,14,63,6,8,17,37,34,25,5,6,8,3,0,0.0,0.0,0.0,0.45,0.0,0.0,0.0,1.27,5.73,3.36,0.0,0.55,0.73,88.0,50.0,,50.0,75.0,57.6,40.5,0.0,20.0
819017,Jonathan Benítez,Palestino,8,286,0,0,6,1,7,1,0,155,80,67,3,2,17,5,9,3,0,1,2,5,5,7,15,29,0,13,2,2,0,0.0,0.0,0.0,1.89,2.2,0.31,5.35,0.0,0.31,2.2,0.0,4.09,0.63,83.8,66.7,29.4,33.3,40.0,34.1,14.7,0.0,16.7
819005,Cristián Gutiérrez,Unión La Calera,10,469,0,0,5,2,5,0,0,357,230,198,15,7,18,4,5,3,8,16,3,7,6,27,19,19,2,4,3,1,0,0.0,0.0,0.0,0.96,0.96,0.0,3.45,1.54,3.07,5.18,0.0,0.77,0.58,86.1,46.7,22.2,60.0,42.9,50.0,24.0,0.0,40.0
1199238,Cristóbal Chadwick,Everton de Viña del Mar,1,9,0,0,0,0,0,0,0,5,3,1,0,0,0,0,0,0,0,0,0,0,0,0,0,1,0,0,0,0,0,0.0,0.0,0.0,0.0,0.0,0.0,0.0,0.0,0.0,0.0,0.0,0.0,0.0,33.3,,,,,0.0,0.0,,
1197454,Yonathan Rodríguez,Deportes Concepción,5,220,0,0,3,1,2,0,0,143,101,74,16,5,3,0,1,0,1,8,6,8,7,14,17,8,1,2,2,1,0,0.0,0.0,0.0,1.23,0.82,0.0,1.23,0.41,3.27,5.73,0.0,0.82,0.82,73.3,31.2,0.0,0.0,75.0,68.0,46.7,0.0,33.3
1197415,Alex Valdés,Ñublense,7,218,0,0,6,2,4,0,0,182,109,84,11,6,15,5,14,5,4,2,4,7,4,13,21,24,1,8,5,0,0,0.0,0.0,0.0,2.48,1.65,0.0,6.19,1.65,0.83,5.37,0.0,3.3,2.06,77.1,54.5,33.3,35.7,57.1,46.7,14.3,0.0,33.3
1482396,Cristian Morales,O'Higgins,3,115,0,0,3,0,0,0,0,69,26,15,11,2,0,0,1,0,0,6,2,4,3,2,8,2,2,1,1,0,0,0.0,0.0,0.0,2.35,0.0,0.0,0.0,0.0,4.7,1.57,0.0,0.78,0.78,57.7,18.2,,0.0,50.0,80.0,60.0,0.0,0.0
1482395,Christian Bravo,Huachipato,4,360,0,0,0,0,0,0,0,140,89,62,55,29,0,0,0,0,0,7,0,0,8,34,8,1,0,0,0,0,14,0.0,0.0,0.0,0.0,0.0,0.0,0.0,0.0,1.75,8.5,3.5,0.0,0.0,69.7,52.7,,,,88.9,88.9,,
1482371,Bastián Escobar,Deportes Concepción,2,54,0,0,0,0,0,0,0,12,4,1,1,0,1,0,1,0,0,0,2,3,0,0,4,4,0,3,1,0,0,0.0,0.0,0.0,0.0,0.0,0.0,1.67,0.0,0.0,0.0,0.0,5.0,1.67,25.0,0.0,0.0,0.0,66.7,50.0,0.0,,
1482287,David Retamal,Universidad de Concepción,6,465,0,0,4,1,2,0,0,247,161,129,28,15,0,0,3,1,6,23,4,6,16,11,28,21,4,11,5,1,0,0.0,0.0,0.0,0.77,0.39,0.0,0.0,1.16,4.45,2.13,0.0,2.13,0.97,80.1,53.6,,33.3,66.7,57.1,43.2,0.0,25.0
1473443,Diego Monreal,Audax Italiano,5,124,0,0,0,0,1,1,0,77,49,38,11,5,0,0,1,0,4,15,1,2,3,2,5,4,0,1,0,0,0,0.0,0.0,0.0,0.0,0.73,0.73,0.0,2.9,10.89,1.45,0.0,0.73,0.0,77.6,45.5,,0.0,50.0,55.6,42.9,,
1469553,Martín Cárcamo,Everton de Viña del Mar,3,58,0,0,0,0,0,0,0,13,7,5,1,0,0,0,0,0,1,0,0,0,0,1,1,9,1,4,1,0,0,0.0,0.0,0.0,0.0,0.0,0.0,0.0,1.55,0.0,1.55,0.0,6.21,1.55,71.4,0.0,,,,10.0,0.0,,
1440662,Favian Loyola,Audax Italiano,8,195,0,0,2,0,7,0,0,111,64,46,4,2,10,4,8,3,1,1,2,2,2,7,10,18,0,2,3,0,0,0.0,0.0,0.0,0.92,3.23,0.0,4.62,0.46,0.46,3.23,0.0,0.92,1.38,71.9,50.0,40.0,37.5,100.0,35.7,10.0,0.0,0.0
386218,Diego Sánchez,Coquimbo Unido,10,900,0,0,0,0,0,0,0,333,255,159,189,94,0,0,0,0,0,4,1,1,0,99,3,1,0,1,2,0,31,0.0,0.0,0.0,0.0,0.0,0.0,0.0,0.0,0.4,9.9,3.1,0.1,0.2,62.4,49.7,,,100.0,75.0,0.0,,
385990,Juan Fuentes,Cobresal,9,496,0,0,4,0,1,0,0,284,217,181,32,16,0,0,3,2,6,20,7,9,7,38,23,22,3,11,5,0,0,0.0,0.0,0.0,0.73,0.18,0.0,0.0,1.09,3.63,6.9,0.0,2.0,0.91,83.4,50.0,,66.7,77.8,51.1,24.1,0.0,0.0
365990,Leonel González,Universidad de Concepción,9,810,0,0,2,0,1,0,0,600,440,339,96,28,3,1,9,7,21,52,9,16,21,43,52,28,4,6,8,0,0,0.0,0.0,0.0,0.22,0.11,0.0,0.33,2.33,5.78,4.78,0.0,0.67,0.89,77.0,29.2,33.3,77.8,56.2,65.0,42.9,0.0,0.0
805183,Gabriel Castellón,Universidad de Chile,11,990,0,0,0,0,0,0,0,405,288,224,119,55,0,0,0,0,0,15,0,0,3,101,7,2,0,0,4,0,42,0.0,0.0,0.0,0.0,0.0,0.0,0.0,0.0,1.36,9.18,3.82,0.0,0.36,77.8,46.2,,,,77.8,60.0,,
805170,Matías Fernández,Colo-Colo,3,165,0,0,0,0,4,0,0,120,83,67,8,3,7,2,0,0,2,1,1,2,0,4,3,6,0,1,1,1,0,0.0,0.0,0.0,0.0,2.18,0.0,3.82,1.09,0.55,2.18,0.0,0.55,0.55,80.7,37.5,28.6,,50.0,33.3,0.0,,
804983,Raimundo Rebolledo,Audax Italiano,4,306,0,0,1,0,5,1,0,146,94,70,16,8,7,2,1,0,4,8,0,2,4,15,8,11,0,2,2,0,0,0.0,0.0,0.0,0.29,1.47,0.29,2.06,1.18,2.35,4.41,0.0,0.59,0.59,74.5,50.0,28.6,0.0,0.0,42.1,26.7,0.0,0.0
800239,Dieter Villalpando,Everton de Viña del Mar,7,510,0,0,9,2,11,1,0,393,272,227,33,20,18,4,15,12,5,2,2,6,0,45,27,21,2,4,9,0,0,0.0,0.0,0.0,1.59,1.94,0.18,3.18,0.88,0.35,7.94,0.0,0.71,1.59,83.5,60.6,22.2,80.0,33.3,56.2,0.0,0.0,22.2
799653,Rafael Delgado,Deportes La Serena,10,711,0,0,0,0,0,0,0,524,357,281,95,44,2,0,7,6,11,74,10,16,24,49,54,37,9,10,8,0,0,0.0,0.0,0.0,0.0,0.0,0.0,0.25,1.39,9.37,6.2,0.0,1.27,1.01,78.7,46.3,0.0,85.7,62.5,59.3,39.3,,
790149,Octavio Rivero,Universidad de Chile,2,92,0,0,4,1,1,0,1,31,20,13,0,0,1,0,3,2,0,0,0,0,3,2,5,8,0,1,0,0,0,0.0,0.0,0.0,3.91,0.98,0.0,0.98,0.0,0.0,1.96,0.0,0.98,0.0,65.0,,0.0,66.7,,38.5,27.3,0.0,25.0
1411683,Renato Huerta,Cobresal,4,181,0,0,6,2,0,0,0,110,62,49,0,0,2,0,9,4,1,1,3,3,4,9,17,16,0,1,6,1,0,0.0,0.0,0.0,2.98,0.0,0.0,0.99,0.5,0.5,4.48,0.0,0.5,2.98,79.0,,0.0,44.4,100.0,51.5,20.0,0.0,33.3
842274,Sebastián Pérez,Palestino,11,990,0,0,0,0,0,0,0,414,310,225,159,76,0,0,0,0,0,17,0,0,6,106,8,1,0,1,2,0,29,0.0,0.0,0.0,0.0,0.0,0.0,0.0,0.0,1.55,9.64,2.64,0.09,0.18,72.6,47.8,,,,88.9,85.7,,
1409361,Juan Francisco Rossel,Universidad Católica,4,45,0,0,1,0,0,0,0,33,17,10,1,0,2,0,0,0,0,1,1,1,4,3,7,6,0,2,2,0,0,0.0,0.0,0.0,2.0,0.0,0.0,4.0,0.0,2.0,6.0,0.0,4.0,4.0,58.8,0.0,0.0,,100.0,53.8,40.0,0.0,0.0
1409341,Esteban Calderón,O'Higgins,2,79,0,0,3,1,0,0,0,33,20,12,1,1,1,0,1,0,0,0,0,0,4,3,5,7,0,2,1,0,0,0.0,0.0,0.0,3.42,0.0,0.0,1.14,0.0,0.0,3.42,0.0,2.28,1.14,60.0,100.0,0.0,0.0,,41.7,36.4,0.0,33.3
1508614,Santiago Londoño,Everton de Viña del Mar,3,71,0,0,2,2,1,0,1,38,15,8,0,0,0,0,4,1,0,3,0,0,4,4,7,16,0,3,2,1,0,0.0,0.0,0.0,2.54,1.27,0.0,0.0,0.0,3.8,5.07,0.0,3.8,2.54,53.3,,,25.0,,30.4,20.0,0.0,100.0
1403421,Axel Encinas,Unión La Calera,5,224,0,0,5,2,0,0,1,124,81,68,3,1,4,0,6,3,0,1,3,4,2,10,10,12,0,4,1,0,0,0.0,0.0,0.0,2.01,0.0,0.0,1.61,0.0,0.4,4.02,0.0,1.61,0.4,84.0,33.3,0.0,50.0,75.0,45.5,14.3,0.0,40.0
1485083,Benjamin Schamine,O'Higgins,7,201,0,0,2,1,0,0,0,135,99,82,12,6,2,0,6,5,1,2,4,5,0,13,16,11,0,6,6,0,0,0.0,0.0,0.0,0.9,0.0,0.0,0.9,0.45,0.9,5.82,0.0,2.69,2.69,82.8,50.0,0.0,83.3,80.0,59.3,0.0,0.0,50.0
1484208,Juan Figueroa,Huachipato,5,267,0,0,5,3,3,1,0,114,60,52,1,0,7,3,5,2,4,4,1,2,1,12,9,17,1,2,4,1,0,0.0,0.0,0.0,1.69,1.01,0.34,2.36,1.35,1.35,4.04,0.0,0.67,1.35,86.7,0.0,42.9,40.0,50.0,34.6,5.6,0.0,60.0
312318,Brayan Véjar,Deportes Concepción,8,395,0,0,2,1,2,1,0,237,142,102,24,6,11,3,4,1,4,16,11,14,3,20,19,18,1,0,1,0,0,0.0,0.0,0.0,0.46,0.46,0.23,2.51,0.91,3.65,4.56,0.0,0.0,0.23,71.8,25.0,27.3,25.0,78.6,51.4,14.3,0.0,50.0
1502658,Fernando Dinamarca,Deportes La Serena,5,220,0,0,0,0,0,0,0,132,49,33,10,2,8,1,6,2,7,9,6,7,0,6,11,23,0,7,2,0,0,0.0,0.0,0.0,0.0,0.0,0.0,3.27,2.86,3.68,2.45,0.0,2.86,0.82,67.3,20.0,12.5,33.3,85.7,32.4,0.0,,
589548,Nelson Sepúlveda,Deportes Concepción,9,587,0,0,2,0,3,0,0,464,348,307,59,44,5,2,5,1,11,16,13,28,1,43,39,28,1,7,9,0,0,0.0,0.0,0.0,0.31,0.46,0.0,0.77,1.69,2.45,6.59,0.0,1.07,1.38,88.2,74.6,40.0,20.0,46.4,58.2,3.4,0.0,0.0
581774,Agustín Farías,Universidad Católica,3,128,0,0,0,0,0,0,0,86,66,52,11,3,0,0,0,0,4,12,3,3,3,3,6,5,0,1,0,0,0,0.0,0.0,0.0,0.0,0.0,0.0,0.0,2.81,8.44,2.11,0.0,0.7,0.0,78.8,27.3,,,100.0,54.5,37.5,,
386220,Tomás Asta-Buruaga,Universidad Católica,6,410,0,0,1,0,8,1,0,270,161,131,15,6,22,10,3,3,4,9,3,4,7,20,17,14,3,4,5,0,0,0.0,0.0,0.0,0.22,1.76,0.22,4.83,0.88,1.98,4.39,0.0,0.88,1.1,81.4,40.0,45.5,100.0,75.0,54.8,33.3,0.0,0.0
1482455,Leenhan Romero,Deportes Concepción,4,72,0,0,1,0,2,1,0,54,32,24,3,1,4,3,3,2,1,0,1,2,0,3,5,3,0,0,1,0,0,0.0,0.0,0.0,1.25,2.5,1.25,5.0,1.25,0.0,3.75,0.0,0.0,1.25,75.0,33.3,75.0,66.7,50.0,62.5,0.0,0.0,0.0
1482432,Diego Vargas,Universidad de Chile,3,192,0,0,1,0,1,1,1,107,66,51,8,7,4,1,3,2,2,6,2,2,2,6,8,9,1,3,2,0,0,0.0,0.0,0.0,0.47,0.47,0.47,1.88,0.94,2.81,2.81,0.0,1.41,0.94,77.3,87.5,25.0,66.7,100.0,47.1,18.2,0.0,0.0
1482399,Lucas Velásquez,Huachipato,9,649,0,0,2,1,1,0,0,402,220,166,29,15,21,1,14,6,8,28,9,12,10,38,37,40,0,7,9,0,0,0.0,0.0,0.0,0.28,0.14,0.0,2.91,1.11,3.88,5.27,0.0,0.97,1.25,75.5,51.7,4.8,42.9,75.0,48.1,20.0,0.0,50.0
1836787,Benjamín Mellado,Huachipato,1,53,0,0,0,0,0,0,0,64,56,42,14,5,0,0,0,0,1,3,0,0,1,1,1,1,1,0,0,0,0,0.0,0.0,0.0,0.0,0.0,0.0,0.0,1.7,5.09,1.7,0.0,0.0,0.0,75.0,35.7,,,,50.0,50.0,,
247079,Carlos Escobar,Deportes Concepción,3,91,0,0,4,1,1,0,2,27,12,6,1,1,0,0,0,0,0,1,3,3,4,0,8,6,0,1,1,3,0,0.0,0.0,0.0,3.96,0.99,0.0,0.0,0.0,0.99,0.0,0.0,0.99,0.99,50.0,100.0,,,100.0,57.1,40.0,0.0,25.0
1835784,Matias Sepulveda,Cobresal,2,58,0,0,0,0,0,0,0,16,7,4,2,1,0,0,0,0,1,2,0,1,1,1,2,7,0,1,0,0,0,0.0,0.0,0.0,0.0,0.0,0.0,0.0,1.55,3.1,1.55,0.0,1.55,0.0,57.1,50.0,,,0.0,22.2,12.5,,
1835778,Benjamín Ramírez,Cobresal,4,145,0,0,5,2,1,0,0,86,54,40,4,2,3,1,3,1,0,0,2,2,1,4,6,7,0,0,2,0,0,0.0,0.0,0.0,3.1,0.62,0.0,1.86,0.0,0.0,2.48,0.0,0.0,1.24,74.1,50.0,33.3,33.3,100.0,46.2,12.5,0.0,40.0
1835777,Benjamin Moreno,Cobresal,5,191,0,0,2,1,2,0,0,114,72,56,5,3,2,0,9,5,2,3,5,6,0,11,11,18,1,5,0,1,0,0.0,0.0,0.0,0.94,0.94,0.0,0.94,0.94,1.41,5.18,0.0,2.36,0.0,77.8,60.0,0.0,55.6,83.3,37.9,0.0,0.0,50.0
1807803,Joan Orellana,Deportes La Serena,4,19,0,0,0,0,0,0,0,11,8,7,0,0,0,0,0,0,0,0,1,1,1,2,2,2,0,2,0,0,0,0.0,0.0,0.0,0.0,0.0,0.0,0.0,0.0,0.0,9.47,0.0,9.47,0.0,87.5,,,,100.0,50.0,33.3,,
1798260,Joaquín Tapia,O'Higgins,6,296,0,0,8,2,3,1,2,124,55,43,2,0,13,2,12,6,3,1,1,4,3,11,22,15,0,2,9,0,0,0.0,0.0,0.0,2.43,0.91,0.3,3.95,0.91,0.3,3.34,0.0,0.61,2.74,78.2,0.0,15.4,50.0,25.0,59.5,16.7,0.0,25.0
1798259,Gabriel Pinto,O'Higgins,4,117,0,0,1,0,1,0,0,77,56,35,5,1,0,0,3,2,1,1,2,3,2,8,7,8,1,5,0,0,0,0.0,0.0,0.0,0.77,0.77,0.0,0.0,0.77,0.77,6.15,0.0,3.85,0.0,62.5,20.0,,66.7,66.7,46.7,20.0,0.0,0.0
1657110,Sebastián Mella,Huachipato,3,270,0,0,0,0,0,0,0,103,79,55,49,25,0,0,1,1,0,5,0,0,2,26,3,0,0,0,0,0,4,0.0,0.0,0.0,0.0,0.0,0.0,0.0,0.0,1.67,8.67,1.33,0.0,0.0,69.6,51.0,,100.0,,100.0,100.0,,
1656140,Javier Nicolás Cárcamo,Huachipato,4,132,0,0,2,1,2,0,0,87,70,54,13,5,3,2,1,0,3,2,0,0,0,7,0,10,1,4,0,0,0,0.0,0.0,0.0,1.36,1.36,0.0,2.05,2.05,1.36,4.77,0.0,2.73,0.0,77.1,38.5,66.7,0.0,,0.0,0.0,0.0,50.0
1650043,Martín Hiriart,Unión La Calera,3,58,0,0,0,0,1,0,0,32,19,16,0,0,1,0,6,0,0,1,1,1,2,4,3,7,0,0,0,0,0,0.0,0.0,0.0,0.0,1.55,0.0,1.55,0.0,1.55,6.21,0.0,0.0,0.0,84.2,,0.0,0.0,100.0,30.0,22.2,,
1982599,Martín Ramírez,Universidad de Concepción,2,18,0,0,1,0,1,0,1,7,3,3,0,0,0,0,0,0,0,0,0,0,0,1,0,1,0,1,0,0,0,0.0,0.0,0.0,5.0,5.0,0.0,0.0,0.0,0.0,5.0,0.0,5.0,0.0,100.0,,,,,0.0,0.0,0.0,0.0
1982597,Vicente Cárcamo,Universidad Católica,3,67,0,0,2,1,0,0,0,60,30,25,3,2,4,2,6,3,0,1,1,1,0,3,8,5,0,0,4,0,0,0.0,0.0,0.0,2.69,0.0,0.0,5.37,0.0,1.34,4.03,0.0,0.0,5.37,83.3,66.7,50.0,50.0,100.0,61.5,0.0,0.0,50.0
1981780,Nicolás L'Huiller,Universidad Católica,3,138,0,0,0,0,0,0,0,75,55,47,3,1,3,0,0,0,0,2,0,0,1,1,2,6,1,1,1,0,0,0.0,0.0,0.0,0.0,0.0,0.0,1.96,0.0,1.3,0.65,0.0,0.65,0.65,85.5,33.3,0.0,,,25.0,14.3,,
1981750,Daniel Saavedra,Ñublense,1,8,0,0,0,0,0,0,0,5,2,2,0,0,0,0,0,0,0,1,0,0,1,0,1,2,0,1,0,0,0,0.0,0.0,0.0,0.0,0.0,0.0,0.0,0.0,11.25,0.0,0.0,11.25,0.0,100.0,,,,,33.3,33.3,,
1981736,Vicente Villegas,Coquimbo Unido,1,9,0,0,0,0,0,0,0,5,3,2,2,1,0,0,0,0,0,0,0,0,0,1,0,0,0,0,0,0,2,0.0,0.0,0.0,0.0,0.0,0.0,0.0,0.0,0.0,10.0,20.0,0.0,0.0,66.7,50.0,,,,,,,
1980426,Milovan Velásquez,Deportes La Serena,1,19,0,0,0,0,0,0,0,13,7,7,0,0,2,0,2,1,0,0,0,1,0,1,2,1,0,0,0,1,0,0.0,0.0,0.0,0.0,0.0,0.0,9.47,0.0,0.0,4.74,0.0,0.0,0.0,100.0,,0.0,50.0,0.0,66.7,0.0,,
1836149,Dixon Pereira,Coquimbo Unido,1,44,0,0,1,0,0,0,0,11,4,3,0,0,0,0,2,0,0,0,0,0,0,1,2,2,0,0,2,0,0,0.0,0.0,0.0,2.05,0.0,0.0,0.0,0.0,0.0,2.05,0.0,0.0,4.09,75.0,,,0.0,,50.0,0.0,0.0,0.0
1980392,Javier Rojas,Deportes Concepción,7,441,0,0,1,0,2,0,0,258,158,134,24,9,9,5,1,0,6,13,5,8,3,19,12,8,2,2,1,1,0,0.0,0.0,0.0,0.2,0.41,0.0,1.84,1.22,2.65,3.88,0.0,0.41,0.2,84.8,37.5,55.6,0.0,62.5,60.0,27.3,0.0,0.0
1980388,Gabriel Maureira,Colo-Colo,3,200,0,0,0,0,0,0,0,71,48,37,16,6,0,0,0,0,0,5,0,0,1,17,1,0,0,0,0,0,6,0.0,0.0,0.0,0.0,0.0,0.0,0.0,0.0,2.25,7.65,2.7,0.0,0.0,77.1,37.5,,,,100.0,100.0,,
105971,Enzo Roco,Palestino,5,398,0,0,0,0,0,0,0,243,191,158,44,30,0,0,3,1,2,27,2,3,17,12,22,20,2,5,1,0,0,0.0,0.0,0.0,0.0,0.0,0.0,0.0,0.45,6.11,2.71,0.0,1.13,0.23,82.7,68.2,,33.3,66.7,52.4,45.9,,
1920586,Mario Sandoval,Audax Italiano,6,199,0,0,1,0,1,0,0,126,86,64,18,13,0,0,2,0,5,2,3,6,3,12,12,8,0,3,3,0,0,0.0,0.0,0.0,0.45,0.45,0.0,0.0,2.26,0.9,5.43,0.0,1.36,1.36,74.4,72.2,,0.0,50.0,60.0,27.3,0.0,0.0
47441,Nicola Pérez,Ñublense,11,990,0,0,0,0,1,1,0,362,248,168,152,72,0,0,1,1,0,20,0,0,6,93,7,2,0,1,1,0,31,0.0,0.0,0.0,0.0,0.09,0.09,0.0,0.0,1.82,8.45,2.82,0.09,0.09,67.7,47.4,,100.0,,77.8,75.0,,
18304,Charles Aránguiz,Universidad de Chile,7,495,0,0,0,0,9,0,0,457,353,284,33,15,9,2,6,1,8,6,7,16,11,35,37,30,0,6,9,0,0,0.0,0.0,0.0,0.0,1.64,0.0,1.64,1.45,1.09,6.36,0.0,1.09,1.64,80.5,45.5,22.2,16.7,43.8,55.2,26.8,,
339891,Diego Oyarzún,Everton de Viña del Mar,9,809,0,0,2,0,2,0,0,428,314,254,69,31,0,0,0,0,10,62,2,4,25,29,30,26,11,9,1,0,0,0.0,0.0,0.0,0.22,0.22,0.0,0.0,1.11,6.9,3.23,0.0,1.0,0.11,80.9,44.9,,,50.0,53.6,49.0,0.0,0.0
339699,Luis Pavez Munoz,O'Higgins,7,570,0,0,4,0,6,1,0,413,254,207,23,10,27,9,6,4,4,21,5,8,9,17,25,23,4,7,4,0,0,0.0,0.0,0.0,0.63,0.95,0.16,4.26,0.63,3.32,2.68,0.0,1.11,0.63,81.5,43.5,33.3,66.7,62.5,52.1,28.1,0.0,0.0
333465,Nicolás Avellaneda,Unión La Calera,11,990,0,0,0,0,0,0,0,491,370,268,186,87,0,0,0,0,0,10,0,0,8,118,9,1,0,0,1,0,30,0.0,0.0,0.0,0.0,0.0,0.0,0.0,0.0,0.91,10.73,2.73,0.0,0.09,72.4,46.8,,,,90.0,88.9,,
333405,Felipe Campos,Ñublense,7,506,0,0,2,0,1,0,0,339,215,171,39,15,8,2,2,2,9,22,12,17,11,21,31,11,3,1,1,0,0,0.0,0.0,0.0,0.36,0.18,0.0,1.42,1.6,3.91,3.74,0.0,0.18,0.18,79.5,38.5,25.0,100.0,70.6,73.8,50.0,0.0,0.0
312376,Lorenzo Reyes,Ñublense,11,990,0,0,8,1,5,1,0,756,605,519,55,41,7,2,13,9,16,21,13,17,12,87,55,35,2,12,17,0,0,0.0,0.0,0.0,0.73,0.45,0.09,0.64,1.45,1.91,7.91,0.0,1.09,1.55,85.8,74.5,28.6,69.2,76.5,61.1,25.5,0.0,12.5
1906001,Daniel Cordero,Deportes La Serena,1,36,0,0,1,0,2,0,0,15,5,3,0,0,0,0,0,0,0,0,0,0,2,0,2,11,0,2,0,1,0,0.0,0.0,0.0,2.5,5.0,0.0,0.0,0.0,0.0,0.0,0.0,5.0,0.0,60.0,,,,,15.4,15.4,0.0,0.0
1875021,Bastián Contreras,Deportes La Serena,5,135,0,0,6,3,3,0,0,73,31,19,8,4,3,0,4,0,1,1,2,4,1,6,7,21,0,3,2,2,0,0.0,0.0,0.0,4.0,2.0,0.0,2.0,0.67,0.67,4.0,0.0,2.0,1.33,61.3,50.0,0.0,0.0,50.0,25.0,4.5,0.0,50.0
1872533,Sergio Carrasco,Cobresal,1,10,0,0,0,0,0,0,0,10,7,5,1,0,0,0,0,0,0,0,1,1,0,1,1,1,0,1,0,0,0,0.0,0.0,0.0,0.0,0.0,0.0,0.0,0.0,0.0,9.0,0.0,9.0,0.0,71.4,0.0,,,100.0,50.0,0.0,,
1864232,Nicolás Montiel,Everton de Viña del Mar,6,214,0,0,2,0,3,2,0,71,34,22,0,0,2,1,2,2,1,2,0,0,6,8,16,12,0,2,8,1,0,0.0,0.0,0.0,0.84,1.26,0.84,0.84,0.42,0.84,3.36,0.0,0.84,3.36,64.7,,50.0,100.0,,57.1,33.3,0.0,0.0
1836929,Luca Kmet,Universidad de Concepción,1,21,0,0,0,0,0,0,0,20,6,5,1,0,2,0,2,0,1,0,0,1,0,3,2,4,0,1,1,0,0,0.0,0.0,0.0,0.0,0.0,0.0,8.57,4.29,0.0,12.86,0.0,4.29,4.29,83.3,0.0,0.0,0.0,0.0,33.3,0.0,,
1836788,Dilan Varas,Deportes Concepción,1,90,0,0,0,0,0,0,0,40,15,10,4,1,0,0,0,0,1,9,2,3,4,1,7,3,2,0,0,0,0,0.0,0.0,0.0,0.0,0.0,0.0,0.0,1.0,9.0,1.0,0.0,0.0,0.0,66.7,25.0,,,66.7,70.0,57.1,,
2537211,Rodrigo Catalán,Colo-Colo,1,8,0,0,0,0,0,0,0,4,3,3,0,0,0,0,0,0,0,0,0,0,0,0,0,0,0,0,0,0,0,0.0,0.0,0.0,0.0,0.0,0.0,0.0,0.0,0.0,0.0,0.0,0.0,0.0,100.0,,,,,,,,
2116602,Facundo Marín,Deportes Limache,2,11,0,0,0,0,0,0,0,4,3,1,0,0,0,0,1,0,0,0,0,0,0,2,0,2,0,1,0,0,0,0.0,0.0,0.0,0.0,0.0,0.0,0.0,0.0,0.0,16.36,0.0,8.18,0.0,33.3,,,0.0,,0.0,0.0,,
2076826,Mateo González Peña,Deportes Concepción,1,24,0,0,0,0,0,0,0,11,3,0,3,0,0,0,0,0,0,6,2,2,0,1,2,2,0,1,0,0,0,0.0,0.0,0.0,0.0,0.0,0.0,0.0,0.0,22.5,3.75,0.0,3.75,0.0,0.0,0.0,,,100.0,50.0,0.0,,
2059827,Amaro Leon,Everton de Viña del Mar,3,58,0,0,3,0,0,0,0,29,20,16,1,1,3,1,3,1,0,0,0,0,0,2,1,5,0,2,0,0,0,0.0,0.0,0.0,4.66,0.0,0.0,4.66,0.0,0.0,3.1,0.0,3.1,0.0,80.0,100.0,33.3,33.3,,16.7,0.0,0.0,0.0
2058867,Sebastián Arancibia,Universidad Católica,3,168,0,0,0,0,1,0,0,106,53,46,2,1,9,2,2,1,1,1,5,5,1,8,9,7,0,1,2,0,0,0.0,0.0,0.0,0.0,0.54,0.0,4.82,0.54,0.54,4.29,0.0,0.54,1.07,86.8,50.0,22.2,50.0,100.0,56.2,12.5,,
2057322,Vicente Ramírez,Universidad de Chile,1,28,0,0,0,0,1,0,0,11,6,4,0,0,0,0,1,1,0,1,0,0,1,1,3,1,0,0,1,1,0,0.0,0.0,0.0,0.0,3.21,0.0,0.0,0.0,3.21,3.21,0.0,0.0,3.21,66.7,,,100.0,,75.0,50.0,,
2046426,Cristóbal Sepúlveda,Deportes La Serena,2,30,0,0,1,1,0,0,0,17,9,7,0,0,0,0,2,1,0,1,0,1,0,2,2,3,0,0,0,0,0,0.0,0.0,0.0,3.0,0.0,0.0,0.0,0.0,3.0,6.0,0.0,0.0,0.0,77.8,,,50.0,0.0,40.0,0.0,0.0,100.0
2039913,Martín Guzmán,Everton de Viña del Mar,1,15,0,0,0,0,1,0,0,19,10,8,1,1,0,0,0,0,0,0,2,2,0,0,2,0,0,0,0,0,0,0.0,0.0,0.0,0.0,6.0,0.0,0.0,0.0,0.0,0.0,0.0,0.0,0.0,80.0,100.0,,,100.0,100.0,,,
2038473,Joaquín González,Ñublense,1,15,0,0,0,0,1,0,0,17,10,5,2,1,2,0,0,0,0,1,0,0,1,1,2,1,0,0,1,0,0,0.0,0.0,0.0,0.0,6.0,0.0,12.0,0.0,6.0,6.0,0.0,0.0,6.0,50.0,50.0,0.0,,,66.7,50.0,,
2331086,Jhon Cortes,Universidad de Chile,1,26,0,0,0,0,0,0,0,19,12,8,1,1,2,0,1,1,0,1,0,0,0,2,1,4,1,0,0,0,0,0.0,0.0,0.0,0.0,0.0,0.0,6.92,0.0,3.46,6.92,0.0,0.0,0.0,66.7,100.0,0.0,100.0,,20.0,0.0,,
2284219,Esteban Páez,Universidad de Concepción,2,155,0,0,0,0,2,0,0,107,62,54,7,1,1,1,1,1,3,3,3,4,2,10,11,7,2,2,4,0,0,0.0,0.0,0.0,0.0,1.16,0.0,0.58,1.74,1.74,5.81,0.0,1.16,2.32,87.1,14.3,100.0,100.0,75.0,61.1,22.2,,
2199269,Benjamín Sáez,Universidad de Concepción,3,129,0,0,0,0,0,0,0,68,36,29,4,1,3,0,0,0,1,12,1,1,1,0,2,6,1,3,0,0,0,0.0,0.0,0.0,0.0,0.0,0.0,2.09,0.7,8.37,0.0,0.0,2.09,0.0,80.6,25.0,0.0,,100.0,25.0,14.3,,
33829,Alfonso Parot,Deportes Limache,7,606,0,0,0,0,1,0,0,320,216,182,44,27,5,3,3,2,5,52,12,17,13,25,36,8,7,0,4,0,0,0.0,0.0,0.0,0.0,0.15,0.0,0.74,0.74,7.72,3.71,0.0,0.0,0.59,84.3,61.4,60.0,66.7,70.6,81.8,61.9,,
2163290,Cristobal Zambrano,Universidad de Concepción,3,108,0,0,3,1,2,0,0,55,29,24,0,0,7,1,5,3,0,1,1,1,1,4,6,5,0,1,1,0,0,0.0,0.0,0.0,2.5,1.67,0.0,5.83,0.0,0.83,3.33,0.0,0.83,0.83,82.8,,14.3,60.0,100.0,54.5,16.7,0.0,33.3
26480,Marcelo Díaz,Universidad de Chile,3,75,0,0,2,1,1,0,0,67,58,46,9,5,0,0,1,1,0,2,1,2,0,7,3,1,0,0,0,0,0,0.0,0.0,0.0,2.4,1.2,0.0,0.0,0.0,2.4,8.4,0.0,0.0,0.0,79.3,55.6,,100.0,50.0,75.0,0.0,0.0,50.0
