feature_set,corr_threshold,k,C,class_weight,folds,accuracy,accuracy_std,balanced_accuracy,balanced_accuracy_std,macro_f1,macro_f1_std,weighted_f1,weighted_f1_std,log_loss,log_loss_std,brier_multiclass,brier_multiclass_std
rolling_plus_table,0.95,24,0.003,none,3,0.5455882352941176,0.05635762803384226,0.46459773147973166,0.03581872599379015,0.40501836089597765,0.039885576512989615,0.47307444394827175,0.05636118775961607,0.9774922828582153,0.03534502720153275,0.5782807935699005,0.02522625985003072
rolling_plus_table,0.9,24,0.003,none,3,0.5414215686274509,0.059923337862701376,0.4613297576235225,0.03955018465016748,0.401986784643408,0.04434639457549219,0.46916247488739904,0.0601184491565279,0.9817935028922111,0.033845743510215555,0.58050920838726,0.02409135830158554
rolling_plus_table,0.85,24,0.003,none,3,0.5495098039215686,0.05423704504283815,0.4679710798195673,0.03410687519300185,0.4071637589636656,0.039804462182029605,0.4751495174975086,0.05468071869636236,0.9822452952960049,0.03680418449253711,0.5808328574719582,0.026891792302081295
rolling_plus_table,0.95,24,0.01,none,3,0.5352941176470588,0.055106194009600803,0.4569186695167822,0.03563710413746039,0.39832692123018926,0.03841686274636898,0.4649841307539133,0.05400462354538257,0.983154240921721,0.03925092006717423,0.5807203179366788,0.027509829304550527
rolling_plus_table,0.9,36,0.003,none,3,0.5492647058823529,0.05699675722781723,0.46986246217071986,0.040509627724113505,0.41508768304395915,0.04462414321292215,0.4811366997466308,0.05424805139269068,0.9854967666666301,0.04040751425460173,0.5817381496887564,0.027146658441189925
rolling_plus_table,0.95,36,0.003,none,3,0.5473039215686274,0.05754221324616568,0.46739332636825065,0.03986049191625948,0.4106447873019719,0.04394937541294563,0.47725905547308883,0.0561515963924767,0.9858517245127837,0.03903507065899978,0.5823299792741136,0.0270948523897027
rolling_plus_table,0.9,24,0.01,none,3,0.5473039215686274,0.05754221324616568,0.4678783351865929,0.03996476043602083,0.4138303001602628,0.04255240331732057,0.4797266530437983,0.05362777409880855,0.9876834339315153,0.03690168408930136,0.582778595020778,0.026260448134468168
rolling_plus_table,0.9,72,0.003,none,3,0.5534313725490195,0.06256580541868975,0.47976465393198203,0.04328357334231467,0.440680404219932,0.046237501131094434,0.49658177918412555,0.05951671700239532,0.9880763477927234,0.04418023193353569,0.5817300074850101,0.028378554641152232
rolling_plus_table,0.95,48,0.003,none,3,0.5573529411764706,0.061668342194887496,0.47700531931357704,0.04512537113544394,0.4215237941653036,0.04891145584035074,0.4883271775086426,0.05827124025193875,0.9881333130739499,0.04208726554473399,0.5830682723585812,0.027391973757453614
rolling_plus_table,0.85,36,0.003,none,3,0.5475490196078431,0.06478474843181314,0.4673473176265898,0.04334871912289112,0.4105188808017422,0.04743155341985497,0.47727951542712943,0.06273953026706432,0.9887642407497412,0.043757738891912354,0.5832470089396419,0.029216412648148685
rolling_plus_table,0.85,48,0.003,none,3,0.5389705882352941,0.04642262975783704,0.4603063275396227,0.03215988804838015,0.4055224588912532,0.036523061556221544,0.47009748791976574,0.04231956345375296,0.9892549404357206,0.04545525709750982,0.5835687392331291,0.02966371923426305
rolling_plus_table,0.85,24,0.01,none,3,0.5431372549019607,0.05194575254270547,0.46507755303798454,0.03672601242881317,0.41121045252025157,0.04148138354539175,0.4762634967611228,0.04997879018300426,0.9896969920005886,0.04024481196473197,0.5835750253108297,0.030129532765659692
rolling_plus_table,0.85,72,0.003,none,3,0.5473039215686274,0.04763863598593625,0.4778097781952473,0.025350415362190404,0.44533426279141103,0.023167639971747804,0.49543924416350427,0.04059670554098087,0.9917116768980679,0.04114357559141157,0.5847749814671491,0.027007573673791578
rolling_plus_table,0.9,48,0.003,none,3,0.5593137254901961,0.06140280686176855,0.478989446297704,0.045986851042159056,0.4239985725492972,0.050310288498505676,0.49063287652482024,0.05860195745383438,0.9930408791409997,0.04412090683797546,0.5852183806296941,0.02853544632493769
rolling_plus_table,0.95,72,0.003,none,3,0.551470588235294,0.07312634624003536,0.4785281689998449,0.06020247562394853,0.4395204687323451,0.07762979747049985,0.4955032164216607,0.07928164741552936,0.9942276641410214,0.04591489123895252,0.5857758685214209,0.028962771869269013
rolling_plus_table,0.9,108,0.003,none,3,0.5455882352941176,0.04731471481052091,0.4763087429985599,0.02231870662158936,0.4427411716541647,0.023960054991385676,0.49429981499970294,0.04258173871182199,0.994793639242567,0.04549871375135446,0.5860335766541076,0.029674237951837153
rolling_plus_table,0.95,24,0.03,none,3,0.5350490196078431,0.047547756199103605,0.4591673467654595,0.03256090269939621,0.40956064230799955,0.03612383512135464,0.473003496192973,0.04330622500649363,0.9954906022274536,0.042002737744357234,0.58763609577366,0.029126047830363638
rolling_plus_table,0.85,108,0.003,none,3,0.5539215686274509,0.05054965088822261,0.48998298664237755,0.028838001592329146,0.4673569461264864,0.03857611942610478,0.5131249237111656,0.053253503232255486,0.9968475430369019,0.044479444798760724,0.5879754659257196,0.02870092716644838
rolling_plus_table,0.95,108,0.003,none,3,0.5539215686274509,0.05054965088822261,0.4841557765312799,0.024658380445704158,0.4513574036929895,0.02686329313758685,0.5042283155958796,0.04597406118714547,0.9969643059462995,0.04139619107038429,0.5867420122408521,0.026576668803314423
rolling_plus_table,0.9,36,0.01,none,3,0.5477941176470588,0.0634770799347866,0.4725867944490251,0.03695499631646644,0.4263299467088651,0.03168327289574911,0.4871499183484385,0.055092018466402506,0.9982470901792758,0.04782383244304196,0.5867975300352639,0.031247509658066767
rolling_plus_table,0.95,24,0.003,balanced,3,0.49436274509803924,0.04890796109232506,0.4493552496238653,0.05830214466716768,0.44082554773938726,0.06398410158174458,0.48443763365866516,0.054707075868188966,0.9992103440105176,0.024823511624153704,0.5946446860278446,0.016810838863982266
rolling_plus_table,0.95,36,0.01,none,3,0.5475490196078431,0.07450657887757285,0.46956651226207624,0.05259454175165555,0.42072496325798575,0.051832537176872764,0.4863273498697878,0.06562913297913171,0.9994285491450935,0.04476673386451377,0.5883558775694891,0.030537685512134635
rolling_plus_table,0.85,160,0.003,none,3,0.5313725490196078,0.04039138348774187,0.47175274990889243,0.020439766416690475,0.4528299863176501,0.027574928635211937,0.49813290011293,0.04238330646151391,1.0006659631738932,0.05166626836580538,0.5893951248360574,0.03345138213253492
rolling_plus_table,0.9,24,0.03,none,3,0.5394607843137255,0.06094913611682416,0.4655366819391425,0.035678598662458524,0.4227696219862209,0.028137384070605957,0.48276909738754287,0.04907500269387252,1.000753711001343,0.038255545649893696,0.5899604367543742,0.027739574251222934
rolling_plus_table,0.9,160,0.003,none,3,0.5392156862745098,0.02548076748699413,0.47804589963032806,0.005916052318664105,0.45501985084480334,0.018428570773566983,0.5009194808972396,0.030464868081054017,1.0030178944682866,0.04758301178709215,0.5901438481085922,0.03002280003510631
rolling_plus_table,0.9,24,0.003,balanced,3,0.49411764705882355,0.041663783060540756,0.4426092178778336,0.04713394056094488,0.43184245353537914,0.05385129557650086,0.48086848237168595,0.04844345690084485,1.0040844691231516,0.023382728795914482,0.5975849446994954,0.01553088555615968
rolling_plus_table,0.95,24,0.01,balanced,3,0.4924019607843137,0.03216485732760268,0.4519997937539167,0.029175294037017442,0.44905595000904697,0.030941461518525632,0.4915356418294017,0.03693942053427186,1.0041680611989339,0.029516946246824764,0.5965080072352021,0.019827539904519506
rolling_plus_table,0.85,24,0.003,balanced,3,0.4801470588235294,0.04057242516744228,0.43323199900205517,0.035453001465734185,0.42769121845289176,0.04220492674211673,0.4753497264960565,0.0499575733806375,1.0043453624455514,0.025469205830267613,0.597551074622065,0.017535828621783617
rolling_plus_table,0.85,24,0.03,none,3,0.5375,0.053033008588991085,0.4648292975361059,0.02768965505135485,0.42236035277708367,0.022396305322763158,0.4807850703957792,0.04336326850250696,1.0046275222558898,0.04410550994191354,0.5910799420767253,0.03332349270923538
rolling_plus_table,0.85,48,0.01,none,3,0.5414215686274509,0.059923337862701376,0.4750401312726768,0.04418464905596375,0.4429782026686966,0.05398083722488492,0.4949158013996498,0.06292543563182587,1.0046685711036412,0.0491709217448356,0.5894468301051713,0.03216888066378781
rolling_plus_table,0.95,160,0.003,none,3,0.5414215686274509,0.04142229376323165,0.4797379107676165,0.019600351333986393,0.45675023915593754,0.027027230238697377,0.5030459034148151,0.0412616989857127,1.0051298871484942,0.046113651649917896,0.5914446940222575,0.029344699605529538
rolling_plus_table,0.95,48,0.01,none,3,0.5411764705882353,0.0725250026489294,0.46418732354955416,0.053930877271379,0.4135904745660844,0.05269846415345729,0.4793196775128268,0.06426020649395638,1.0051685221324471,0.0502025525525661,0.5904925186041449,0.03130077096930406
rolling_plus_table,0.85,36,0.01,none,3,0.5350490196078431,0.06747188885925799,0.45874559996690106,0.04938553541902297,0.40982108474503964,0.04990159261934171,0.4747449423665349,0.06123356071910883,1.0055379220966583,0.049081496510959645,0.5898054486223047,0.03217895051312394
rolling_plus_table,0.9,36,0.003,balanced,3,0.4882352941176471,0.026334070624633915,0.44779201202386676,0.014283353089754003,0.443301968964499,0.017846780071671852,0.4832542150098447,0.031799173933935915,1.0077579711219702,0.030086944813128846,0.5991171595846051,0.01840938539950182
rolling_plus_table,0.95,36,0.003,balanced,3,0.48995098039215684,0.026075021891231842,0.45019596877564955,0.029133498244781834,0.44748602650239383,0.03045267435087852,0.4896009295531825,0.03377390596179515,1.008349506439885,0.029248591211866227,0.5997676813105738,0.01886066164940978
rolling_plus_table,0.9,72,0.003,balanced,3,0.4882352941176471,0.01663780661615405,0.4621954934453097,0.009585211163456403,0.4574169122187521,0.012535729311431144,0.489479157459773,0.02443699310149594,1.0088422066848237,0.03382258926458654,0.5987546537929965,0.01921249169857575
rolling_plus_table,0.9,72,0.01,none,3,0.5267156862745098,0.03629272197822868,0.46209276897498963,0.027109907063447288,0.43321012537825704,0.03406217048702384,0.4839687601857987,0.03862507787082268,1.0089092204555066,0.048960919156465686,0.5909520874108934,0.03088653464607746
rolling_plus_table,0.95,48,0.003,balanced,3,0.4963235294117647,0.048025458214140976,0.46304318273480743,0.04505969410828957,0.45939934965472595,0.046932736461402634,0.4930698671036076,0.0510078406710862,1.009835524493399,0.03250979424301382,0.5999330433463302,0.019357105413165474
rolling_plus_table,0.9,24,0.01,balanced,3,0.5004901960784314,0.04421693620249731,0.45941176237278186,0.040468497381999834,0.4583583427869722,0.042792574959392884,0.5007233717744531,0.04733810137837454,1.0099289560246707,0.026255993521020767,0.6001092313994594,0.01746107792341721
rolling_plus_table,0.85,36,0.003,balanced,3,0.4882352941176471,0.04408495520768063,0.44829354697067897,0.04052067494077651,0.4456699468362859,0.04319323882392447,0.48807193831539,0.05099281602060485,1.0103748538058843,0.03461696371130504,0.6002584749806285,0.02103364927191419
rolling_plus_table,0.85,48,0.003,balanced,3,0.4924019607843137,0.03216485732760268,0.4562521007625661,0.023998537514415417,0.452506788970183,0.028887692491861378,0.490816272722952,0.04062168362872929,1.0104683615667356,0.03446198400146381,0.6001945555837874,0.020034570334439138
rolling_plus_table,0.95,24,0.1,none,3,0.525,0.05400617248673217,0.4547763874831959,0.04084225650461619,0.415642315422639,0.04820870561239382,0.4730437727365331,0.053419364355664974,1.010609030263149,0.04451535816173205,0.5960554408217457,0.03135584046360947
rolling_plus_table,0.85,24,0.01,balanced,3,0.48235294117647065,0.03950110593695084,0.4393643494934761,0.026631814461517744,0.4396790781956616,0.03256054436211939,0.485300992361954,0.04709055310237818,1.011402288097198,0.028136839511259525,0.6000633581413368,0.01971257843357352
rolling_plus_table,0.85,72,0.003,balanced,3,0.4982843137254902,0.012367133148571414,0.47224575931766455,0.008745082902779894,0.46864565767206895,0.007989006841871076,0.5006372987729925,0.01969194568321003,1.0119296786396024,0.028579957820812126,0.6019195331720001,0.015795522967560774
rolling_plus_table,0.9,108,0.003,balanced,3,0.49632352941176466,0.014936910769796653,0.4694495383805141,0.005093527319909768,0.46632983340527373,0.007766542617739677,0.49881610955788425,0.021601727079198888,1.0140676703494944,0.03246112677736073,0.6029718606192612,0.018678274870165035
rolling_plus_table,0.9,48,0.003,balanced,3,0.48799019607843136,0.01734144406991051,0.45246669187970595,0.01585431459170819,0.44878194847359937,0.018527618817966045,0.4865585004635644,0.026846766439173622,1.014392386022579,0.03524060984652431,0.6025019523529154,0.020405626130575057
rolling_plus_table,0.9,48,0.01,none,3,0.528921568627451,0.05245327097802132,0.45669989662809435,0.032087795850750375,0.4146552161596026,0.026140695079638728,0.47458655814471373,0.04422871939754353,1.0144645768910838,0.050341935108102295,0.5944083815296121,0.03111596107609077
rolling_plus_table,0.95,72,0.003,balanced,3,0.49632352941176466,0.020771245429155216,0.4699043374360128,0.019665120868339363,0.46495254481564124,0.022564822378411672,0.4960092520431297,0.029484511242094842,1.015188669911737,0.03502257018167458,0.602595892816138,0.019832779151193004
rolling_plus_table,0.95,24,0.03,balanced,3,0.49215686274509807,0.011091871077436052,0.45760760492769487,0.005033268070886409,0.4548448318090473,0.0041678745367709205,0.49292037154917095,0.015055691200528704,1.0155764260076772,0.031533307228378486,0.6031086687452135,0.02141598481766251
rolling_plus_table,0.85,72,0.01,none,3,0.5272058823529412,0.04270195925371707,0.46710203877208606,0.016542183716866683,0.44604766053645273,0.014998429723251508,0.49254802555127464,0.0365721148737939,1.0160451786047338,0.04125135614695907,0.5962147893211495,0.02873381198007727
rolling_plus_table,0.95,108,0.003,balanced,3,0.48799019607843136,0.009612093897611569,0.46244351758138985,0.00891144077333991,0.45900100899801416,0.005462620099159477,0.4913182119681248,0.014403673968986638,1.0164214930497244,0.029634395531925716,0.6037057422751216,0.016192925405111337
rolling_plus_table,0.85,108,0.003,balanced,3,0.5063725490196079,0.02217561673777944,0.49024588429408084,0.017688359103896326,0.4847499015033987,0.017650926633719644,0.509251669389736,0.01783741852488433,1.016685040575196,0.030056342149785954,0.6052409935507557,0.01603848603616757
rolling_plus_table,0.9,24,0.1,none,3,0.525,0.04448782605013048,0.454978402877615,0.02319018745642743,0.417607076604627,0.019665107294182728,0.47549309160999886,0.033668214070904035,1.0172822887673825,0.03951126844694525,0.598831727732745,0.0292408434203128
rolling_plus_table,0.95,72,0.01,none,3,0.5458333333333333,0.04823265376162596,0.481530402710254,0.028031174778129678,0.4556351275723749,0.03734172831755714,0.504882235339256,0.05084065391338951,1.0176363157223578,0.05247998578078048,0.596689644665687,0.03233531753580802
rolling_plus_table,0.95,36,0.03,none,3,0.5375,0.06208193510729725,0.4650478390589952,0.03575837208108672,0.42395426699647026,0.029236385911040063,0.48427787057913685,0.050480128401334076,1.0189335545513265,0.04814761910193817,0.598019696673877,0.032861986684400206
rolling_plus_table,0.85,160,0.003,balanced,3,0.4943627450980392,0.017568589154370012,0.466889574975973,0.01010762414933831,0.4628950490701138,0.012863170085028606,0.4953107513207717,0.024164718069871968,1.0193351123652683,0.03994675210582924,0.6069933990914306,0.02290941639483675
rolling_plus_table,0.9,36,0.03,none,3,0.5272058823529412,0.07034527222284459,0.46034688460313883,0.04882562983074346,0.4289992923964539,0.04928855740747136,0.48236897244618415,0.06233314098288622,1.0203052002436623,0.053165932153848544,0.5973369878679294,0.034419094645867405
rolling_plus_table,0.9,36,0.01,balanced,3,0.4801470588235294,0.04057242516744228,0.4455760934503181,0.03108249350907045,0.4442063732427097,0.033795195422223354,0.48223445880050475,0.04366896744173962,1.0203493249617321,0.03675720509690637,0.6052668832195981,0.022309078857793572
rolling_plus_table,0.9,160,0.003,balanced,3,0.4982843137254902,0.012367133148571414,0.47400519900336163,0.01428803484164612,0.4685032600702204,0.010833357030059231,0.49866535991118904,0.01953933494062343,1.021821967298093,0.03638640842196456,0.6077537379084569,0.020673369862062654
rolling_plus_table,0.95,36,0.01,balanced,3,0.4801470588235294,0.024585666907794818,0.4487205821303479,0.011704637906255585,0.4488828640588836,0.01753878967981352,0.4865569787314858,0.03305185666231103,1.0219164943855128,0.03467383168872589,0.6068069133393998,0.022304489593257364
rolling_plus_table,0.95,24,0.3,none,3,0.5355392156862745,0.0633159919802729,0.46758373847623336,0.05110349294868642,0.43418107007385043,0.06491168785287589,0.48839440614322677,0.06744401421056294,1.0223163740756909,0.04711327112315693,0.6023137074184947,0.03386145498529954
rolling_plus_table,0.85,24,0.1,none,3,0.5230392156862745,0.04566065300237006,0.4527303516775693,0.02435949034482491,0.4165282903821436,0.019553471393353786,0.4753232055172593,0.03699203527067671,1.0226988107961448,0.04994523429198842,0.5998562850691532,0.03644085483982445
rolling_plus_table,0.9,24,0.03,balanced,3,0.4982843137254902,0.03745592052419077,0.4625355020124547,0.031272261686310344,0.4621792398991003,0.03397834415655724,0.5020450406247741,0.041141348785992696,1.0228618112796786,0.026268180639863557,0.6080069128228763,0.017852872566967826
rolling_plus_table,0.95,160,0.003,balanced,3,0.5024509803921569,0.014211459817964902,0.4777403645671718,0.011377527991485377,0.4748178498809605,0.012269825472341315,0.5056387074875223,0.021765515194528014,1.0229085766340251,0.03328300816013492,0.6078567943499728,0.018509444090844034
rolling_plus_table,0.85,48,0.01,balanced,3,0.4982843137254902,0.019007348990530692,0.47390405326437307,0.01463473779733885,0.47248092059212055,0.011855719128270971,0.5032728384113663,0.018361115113871642,1.0241520695684647,0.03634947553454918,0.6058515020003024,0.02053707505162163
rolling_plus_table,0.85,24,0.03,balanced,3,0.4909313725490196,0.039671069221531526,0.45289243605710366,0.022839210165645052,0.45371938155111297,0.026282630544788053,0.4962427525129631,0.04366387751163692,1.0255683880808848,0.03150584210243638,0.6077402007235136,0.02212023547741711
rolling_plus_table,0.85,36,0.01,balanced,3,0.4776960784313726,0.0260058144209824,0.44882658266260583,0.028547061034618255,0.4481915950782336,0.028759773010137355,0.48310001696651533,0.03142238541438431,1.0257048719052129,0.039858677021086565,0.6067825559416148,0.02335423893117537
rolling_plus_table,0.95,48,0.01,balanced,3,0.49436274509803924,0.03947980907850302,0.4660135599022774,0.031163880739865885,0.46519015371651196,0.03282029700061473,0.5000999495905097,0.04086109743200455,1.0262981063716774,0.03996666147785865,0.607963926209281,0.023244730300646266
rolling_plus_table,0.9,108,0.01,none,3,0.5311274509803922,0.04927506963470275,0.47601216704128485,0.03477602058456902,0.46110555075122744,0.043212416894246056,0.5028688168961647,0.05063567615923653,1.027185573034463,0.05094565348706039,0.6019977009574229,0.03401635659204873
rolling_plus_table,0.95,108,0.01,none,3,0.5308823529411765,0.04188380560380084,0.47605688480067476,0.03224906873010647,0.4598514789829731,0.039068707433494075,0.5025176094524594,0.043165919448507804,1.028409105982293,0.04179447529192162,0.602286935434598,0.027621766589316137
rolling_plus_table,0.9,72,0.01,balanced,3,0.49436274509803924,0.022737384594723773,0.47652073823032465,0.027323524491458955,0.4733569052280901,0.022354240790903267,0.5002147640600382,0.02300729461384978,1.0289070168974341,0.03786897032039056,0.609155041914411,0.020941339598700315
rolling_plus_table,0.9,24,0.3,none,3,0.5210784313725491,0.046968100866852526,0.45261662080568804,0.0230139860942369,0.4188428354055218,0.02046213419855495,0.4758444594003712,0.03568496162885638,1.029430851894257,0.04221186262410123,0.6048583918451307,0.03108369970564409
rolling_plus_table,0.95,24,0.1,balanced,3,0.48799019607843136,0.009612093897611569,0.46041294828776086,0.0156258790664941,0.45791620029349517,0.014742899697147819,0.4921397905661163,0.01505424421397798,1.030093274015476,0.032949428713163684,0.61124596567596,0.022889795571911075
rolling_plus_table,0.95,24,1.0,none,3,0.5313725490196078,0.05742935248390404,0.4648941441199724,0.04674342537458761,0.4341417715638216,0.060113213080557254,0.48764887081367186,0.061650802730809216,1.0305598408692578,0.04936423993768923,0.6067118339256617,0.03588049156954434
rolling_plus_table,0.85,48,0.03,none,3,0.5414215686274509,0.03302735866834434,0.4801687469368335,0.015646740648299993,0.4610706307203874,0.018959316845063915,0.5093216722093824,0.03311664412823359,1.0306122791334305,0.04838462467321577,0.6009452792824718,0.03282219253631135
rolling_plus_table,0.85,36,0.03,none,3,0.5210784313725491,0.07512324872527033,0.454280045629224,0.0616319804774753,0.41728857275812903,0.07817942909594452,0.4706899581899581,0.08208908643683006,1.0322608580101256,0.04978267836117335,0.6023025284239077,0.033890724537918984
rolling_plus_table,0.85,108,0.01,none,3,0.5215686274509804,0.04020803265570566,0.46706289712286714,0.03236025097882676,0.45547034849886164,0.04021443170854394,0.4988501992008458,0.04574847722244367,1.0326064494148166,0.04753099270667289,0.6049460889755359,0.029661090379677443
rolling_plus_table,0.95,48,0.03,none,3,0.5191176470588236,0.06652685021333837,0.45429657175769417,0.04580515044096874,0.4239649941542731,0.04877224897852433,0.4767355033594776,0.06308553065718255,1.033364643258678,0.055559768678430224,0.6046579042546717,0.03412906835074675
rolling_plus_table,0.85,all,0.003,none,3,0.5286764705882353,0.015735981293406427,0.46238580445227123,0.02076632149867455,0.4355663631155903,0.03208275701114462,0.4927239302578717,0.025335314871872183,1.033582059702422,0.053935398454581826,0.6051183915111026,0.026875256208828944
rolling_plus_table,0.85,72,0.01,balanced,3,0.5044117647058823,0.0114384920486059,0.4840905294318294,0.008103763559007592,0.48102424517481673,0.009088383841744157,0.5110360800972106,0.02031086399811109,1.0338561048057697,0.025800051287042793,0.6132038165734407,0.014258431122178342
rolling_plus_table,0.9,48,0.01,balanced,3,0.4965686274509804,0.024734266297142874,0.471858981806949,0.013934045105195768,0.4684800247274434,0.01784602903333305,0.5009505051689377,0.03164596815546091,1.0344607355223354,0.040855344337001075,0.6121849580634677,0.02245898863230042
rolling_plus_table,0.85,24,0.3,none,3,0.521078431372549,0.056066946582089085,0.4560291671780045,0.03706031401622249,0.4266504197993413,0.038787949057017934,0.47935238410203285,0.05196343663454558,1.0357104875404781,0.05574858103485648,0.6057105881511408,0.03874468789072927
rolling_plus_table,0.95,72,0.01,balanced,3,0.48799019607843136,0.009612093897611569,0.46937236136055843,0.006688910137300766,0.4658000888348311,0.009929307687482146,0.4933425897173895,0.020035076601531615,1.0372664004558694,0.03973080641266333,0.6141138877507754,0.02172370441363859
rolling_plus_table,0.9,24,1.0,none,3,0.5274509803921569,0.05180331299459962,0.46121873314820955,0.029256229968090307,0.43434141711239566,0.028750627908581017,0.4885424731475127,0.04364006778872347,1.0373580158555846,0.045110162074184064,0.6085187982977992,0.03281571852029139
rolling_plus_table,0.9,24,0.1,balanced,3,0.4737745098039216,0.018604862465047396,0.4373627378654277,0.01184916496612131,0.4396159557671753,0.014830370672058312,0.48105483936523513,0.026989695114892437,1.039472301475776,0.02726150182842476,0.6176179517464057,0.018433622317949764
rolling_plus_table,0.95,36,0.1,none,3,0.5213235294117647,0.04776960155534724,0.4596252857853675,0.02327381856899136,0.4334882826854787,0.024031676384464035,0.48375151293387847,0.044706836917731474,1.0404765191350736,0.05069104817656656,0.6084978415086597,0.035266568792529415
rolling_plus_table,0.9,72,0.03,none,3,0.5264705882352941,0.03068917169810178,0.46294607909241764,0.028899676622526772,0.4395144356401666,0.036893232385727774,0.491909132605727,0.030981593802793857,1.0407299370962881,0.04999598909165569,0.6060127361256822,0.030515680353097163
rolling_plus_table,0.95,36,0.03,balanced,3,0.4759803921568628,0.026116458343083276,0.44998790870671107,0.010833081909873454,0.44867124292583366,0.017033148982774807,0.4825764971167261,0.03399764687109917,1.0409769820559667,0.03631763688479525,0.6172568022342553,0.02347273902724487
rolling_plus_table,0.9,36,0.03,balanced,3,0.4818627450980392,0.012950828248649914,0.45631794474689197,0.0033481102432884394,0.4544403135692842,0.005290420094639982,0.4867577746202733,0.016115744250197676,1.0417200281782633,0.04095785131271417,0.6171024212707014,0.024792763413630303
rolling_plus_table,0.95,24,0.3,balanced,3,0.4840686274509804,0.02053857222072216,0.4594808765862945,0.02051205996330191,0.45573672240965535,0.021513625851584253,0.48677532162970255,0.02632432840076653,1.0421538996016306,0.035327180074651854,0.6176864229775405,0.02485354170364601
rolling_plus_table,0.85,24,0.1,balanced,3,0.48455882352941176,0.03109752305285853,0.4503069252021981,0.013791231065706741,0.45057314250862635,0.015871078211793677,0.49052559237094345,0.03389672220855815,1.0428024064381416,0.038264660391539716,0.6167165447142956,0.02545699145688097
rolling_plus_table,0.9,all,0.003,none,3,0.5267156862745098,0.026308965555281793,0.4607314067833808,0.027321291456621172,0.43603793448255085,0.039161002078989614,0.49248832315825036,0.03410850284724912,1.043461853109696,0.05762973529564759,0.6086403587489514,0.02790488558999165
rolling_plus_table,0.85,24,1.0,none,3,0.5107843137254902,0.045506462608922243,0.44666519836875834,0.028365950757327018,0.41915627404047257,0.0319558240159074,0.47181260164657185,0.04453675688368072,1.0438601821820113,0.0598408546584362,0.609174130573661,0.04023873783081251
rolling_plus_table,0.9,108,0.01,balanced,3,0.4840686274509804,0.014611626039989091,0.4604266377548854,0.010135183030569728,0.4573103694004807,0.007255495329502836,0.4889329249334664,0.0200351534519298,1.0446172626637855,0.035028626837697835,0.6193534629701802,0.0209808581171318
rolling_plus_table,0.95,all,0.003,none,3,0.5286764705882353,0.03590665361646921,0.4668770131740853,0.03927266007100728,0.4458810009223708,0.05282054096868791,0.4987271299695914,0.04611374840648297,1.0448687038761815,0.05818398306690455,0.6090061453443936,0.02844902702954225
rolling_plus_table,0.95,108,0.01,balanced,3,0.4818627450980392,0.012950828248649914,0.45135411985883805,0.013227867584095778,0.4506503135324842,0.006128831645695075,0.48660613373886336,0.013880615428314695,1.0458268570678888,0.027612963503627387,0.6195965663889323,0.015241538816532903
rolling_plus_table,0.85,160,0.01,none,3,0.515686274509804,0.049588609384613014,0.462421601990788,0.037036074262943995,0.4490769064602575,0.04440632081777911,0.4917083012773862,0.0541952254442042,1.0470115375685436,0.056141817338822085,0.6125227278141364,0.0366560479715632
rolling_plus_table,0.9,48,0.03,none,3,0.508578431372549,0.04812791930559524,0.445928269136518,0.031857393762416863,0.41789414308966205,0.03748476509252934,0.46867633346838095,0.04706142573055874,1.047073983283245,0.05245691444982508,0.6095286922997919,0.031282167048668805
rolling_plus_table,0.85,48,0.03,balanced,3,0.4818627450980392,0.012950828248649914,0.4646367311986708,0.013827194722392936,0.462835850030376,0.009651270116539917,0.4915608338063919,0.016789050722359134,1.0483212940191982,0.034364398114632225,0.617650137135415,0.019370256731379636
rolling_plus_table,0.9,36,0.1,none,3,0.5107843137254902,0.045506462608922243,0.45112206385136094,0.032190455320277256,0.43073904519416434,0.0399442684163206,0.47878651069962125,0.04584148293821884,1.048527493263537,0.055212604419283225,0.6108607282412922,0.035911276447336056
rolling_plus_table,0.9,160,0.01,none,3,0.5191176470588236,0.02792827359459632,0.4640533277556678,0.01597751967159911,0.4475981424703359,0.020054472239840655,0.49288603177432583,0.026206432514778704,1.0489444441214115,0.055445555639526314,0.6119189064081337,0.032373027871066204
rolling_plus_table,0.85,108,0.01,balanced,3,0.4605392156862745,0.024285740536108,0.4536941943749569,0.02100485859044712,0.4460873633663797,0.023291127661119473,0.4682338160988349,0.02018108171467382,1.0498929811193474,0.03063304344067113,0.6222766825273776,0.014949150973957706
rolling_plus_table,0.85,all,0.003,balanced,3,0.4718137254901961,0.014287344746852613,0.4405879109931495,0.008504931371342225,0.4386008800479287,0.007546614772274252,0.4751280065737682,0.018870635132263506,1.0500111849276612,0.04531319987135376,0.6223954727189799,0.020347502519791165
rolling_plus_table,0.85,36,0.03,balanced,3,0.4840686274509804,0.014611626039989091,0.46264837546990584,0.007639807627090355,0.46121702137569826,0.0065999285057686975,0.4928175134831376,0.020009764034487367,1.0502970912037546,0.03974364703110691,0.6192896130773261,0.02327513047439905
rolling_plus_table,0.95,24,1.0,balanced,3,0.48382352941176476,0.03105692953226894,0.46019897380908054,0.03140962596468811,0.4565058088081974,0.03172925660385443,0.48639239804132944,0.03336381966079382,1.0508173534997967,0.03769596687322275,0.6223232014689172,0.026609566875826645
rolling_plus_table,0.95,72,0.03,none,3,0.5291666666666667,0.03280836614171587,0.47013173696376215,0.01592073410945209,0.4530491983679676,0.019417149766011638,0.5003838001067752,0.03133994211780434,1.0516644081591737,0.05588158610365287,0.6133423605158423,0.033727838529493216
rolling_plus_table,0.9,24,0.3,balanced,3,0.46789215686274505,0.019567974172756936,0.43145444862380516,0.00296687735775803,0.4331560319422954,0.008066621804024848,0.4743383035266972,0.025102298844112424,1.0523329017475154,0.031183755804452495,0.6244140915707654,0.02030375700613168
rolling_plus_table,0.95,160,0.01,none,3,0.5174019607843138,0.0402841574446169,0.4635903647927048,0.0267083139795752,0.44780212170090183,0.03499234939760445,0.49160119766525945,0.04456504591631488,1.0529309925153123,0.05698807150503255,0.6135617970444059,0.03281390429326386
rolling_plus_table,0.95,48,0.03,balanced,3,0.5034313725490196,0.04924946110826044,0.4879125932676363,0.046245969908342524,0.48267180792486575,0.04368654217906241,0.5089671006560755,0.051569980837770014,1.0538559285158273,0.0436075199800606,0.6231349430583278,0.025133733109657393
rolling_plus_table,0.85,24,0.3,balanced,3,0.46813725490196073,0.02738305672242023,0.4320487282035919,0.010225969189991042,0.43508062912437806,0.012252320501984828,0.47662730327248815,0.031415189755337226,1.0555706873501103,0.04509557902371416,0.6228885422941334,0.028285841755116586
rolling_plus_table,0.85,72,0.03,none,3,0.5357843137254902,0.04294324688356401,0.48172785689321534,0.025082861037987226,0.46991241951520846,0.026291687972713668,0.511758473964736,0.04070356141307147,1.0565605009005754,0.04329469798549831,0.6155475204270623,0.0321705099740588
rolling_plus_table,0.95,36,0.3,none,3,0.5196078431372548,0.05277183337292168,0.46571321209921024,0.03679680377172566,0.44909218442392335,0.044505452874947296,0.4913490937390253,0.05604965498105538,1.057489111936145,0.055627218924664705,0.6166556085531761,0.03869388023726044
rolling_plus_table,0.9,all,0.003,balanced,3,0.4776960784313726,0.016113215601856464,0.4442076600199744,0.021578397212189664,0.44331861510313514,0.01676948358321385,0.4802800179949211,0.011936241956208076,1.0589975613260125,0.050894364879368534,0.6259484682248923,0.023388640534884597
rolling_plus_table,0.95,all,0.003,balanced,3,0.4818627450980392,0.012950828248649914,0.4502932746200818,0.011562711585989417,0.4486092220088198,0.007658130135173462,0.4847856299502135,0.01306144761228509,1.0596616780634498,0.05145293471191572,0.6255142880220907,0.023742753836019297
rolling_plus_table,0.9,24,1.0,balanced,3,0.4720588235294117,0.02989191409492475,0.43786979253914904,0.01958506232526365,0.4389641966200375,0.02298796153843108,0.4778863075280764,0.03593098059325345,1.0607684678833442,0.03554711159888463,0.6284991452374035,0.022447193186531347
rolling_plus_table,0.9,72,0.03,balanced,3,0.4919117647058824,0.0057271183556607515,0.4760483592626345,0.016323312744753148,0.46986539812649775,0.007588085393028816,0.4977923764954982,0.010707642696383395,1.0611597974036653,0.038801630462453135,0.6265873516132926,0.02013899948094316
rolling_plus_table,0.95,36,0.1,balanced,3,0.46764705882352947,0.01457045485068808,0.44185913384733094,0.003106534384553057,0.4400920018685936,0.010271393732812658,0.4750348039664381,0.025201886149218415,1.0629831979867423,0.037617386556659436,0.6287259261364464,0.024447518201583925
rolling_plus_table,0.85,160,0.01,balanced,3,0.4637254901960784,0.0189313446248309,0.4447348493509236,0.00973444219762642,0.44067421000270873,0.012498975320117917,0.4680200727345185,0.023977773251040408,1.0634890651715312,0.04351315846561683,0.6308985401750647,0.024835676239592767
rolling_plus_table,0.85,24,1.0,balanced,3,0.4617647058823529,0.018717532443173302,0.42726573610175933,0.0032079968094940094,0.43145920712326585,0.004991197635108665,0.471922450838707,0.023576815714192657,1.063812896570979,0.04997631929606969,0.6266080119855916,0.0301352792979603
rolling_plus_table,0.85,48,0.1,none,3,0.5313725490196078,0.028251203987095692,0.4763574581367891,0.010174233566678723,0.46646428353980646,0.009738947992120835,0.5107178211770846,0.0269417096424896,1.064147847986255,0.04648606570982968,0.6153233938857076,0.03241793177164608
rolling_plus_table,0.9,48,0.03,balanced,3,0.4740196078431373,0.019064153414343178,0.45330420301831653,0.008572332859695964,0.4522622814903226,0.010912916438051071,0.4836458666354449,0.02644515942996346,1.065876798386933,0.04230050377904375,0.6282922180415588,0.021684597904296794
rolling_plus_table,0.85,36,0.1,none,3,0.5049019607843137,0.058412575934444065,0.44220939250262825,0.04468830316488568,0.4138159006345031,0.0599244504557804,0.4653291302540323,0.0636747353694383,1.065877117896145,0.04644438167262478,0.6182732286509188,0.034864496593919374
rolling_plus_table,0.9,160,0.01,balanced,3,0.46936274509803916,0.015333815999624552,0.44974669527981104,0.024935173736812637,0.44536094543215216,0.01672721366802189,0.47438672942295507,0.009539568963347502,1.0662931840237058,0.04414858940230875,0.6306432947192383,0.023857774912309865
rolling_plus_table,0.95,160,0.01,balanced,3,0.4735294117647059,0.020518087780839554,0.4557084922369192,0.03158519827856855,0.45143523740105834,0.02489490520797433,0.4781679497563504,0.017384788332271427,1.068012787090787,0.0435923725674725,0.629896446760824,0.022321327433187797
rolling_plus_table,0.9,36,0.1,balanced,3,0.4718137254901961,0.014287344746852613,0.4545753636564848,0.007764622230591892,0.45192027413953867,0.007924585300867672,0.48003878534019745,0.020601265933653204,1.0697704348522048,0.04331289507094439,0.6321246513640012,0.025975255621994982
rolling_plus_table,0.95,36,1.0,none,3,0.5198529411764706,0.05745026935248944,0.4687802301774728,0.0395576963690936,0.4554049599533451,0.04595671483090691,0.493427057373314,0.0587722457178378,1.06992279951806,0.06118554460895797,0.6228503289099577,0.04200955549973503
rolling_plus_table,0.9,36,0.3,none,3,0.517156862745098,0.04201412222983552,0.4621605591539742,0.022668061106821513,0.4469408101739499,0.025497783659424032,0.4906008311290471,0.039523390774370004,1.0708208368227994,0.0570135697513539,0.621429549796708,0.037152512199642454
rolling_plus_table,0.95,72,0.03,balanced,3,0.467156862745098,0.012146580091533186,0.44982321319887825,0.014594590747235438,0.444960615112153,0.015846775817686957,0.47398274565507253,0.018743065821928483,1.0710049408016904,0.042902057160579744,0.6324631141331051,0.022620445046214924
rolling_plus_table,0.95,48,0.1,none,3,0.5029411764705882,0.04371136455206427,0.44286491597027505,0.0230202512462523,0.4198304893129921,0.02441965298323327,0.47087404556014995,0.03816523752630602,1.0717868242740318,0.0584509947223506,0.6240394747734118,0.036121332638759225
rolling_plus_table,0.85,72,0.03,balanced,3,0.48431372549019613,0.03781029510588151,0.4687197756552785,0.03987950783290629,0.465324279175879,0.0355576028114271,0.491799030615828,0.037876232406372924,1.0718647178125418,0.026608784580637375,0.6322641273076005,0.015802216182674782
rolling_plus_table,0.95,108,0.03,none,3,0.511029411764706,0.03832474453703895,0.4636471485701283,0.02043079989426461,0.45495145291330674,0.024105036963171324,0.4946999999440141,0.0377018471179793,1.0747908539075801,0.043820780464182627,0.625682464246864,0.030035745025876352
rolling_plus_table,0.9,108,0.03,none,3,0.4985294117647059,0.03643974027459964,0.4546855307173678,0.018951604079697332,0.4439548658464245,0.02476762276111184,0.4801087518441101,0.03784940390902341,1.0782834994667923,0.05816912634192721,0.6268088108352871,0.03962821865137062
rolling_plus_table,0.95,36,0.3,balanced,3,0.4637254901960784,0.0159445646738143,0.4430045598115975,0.012873173493951886,0.4418499958984455,0.01354905182877188,0.4733646612100913,0.02716125713707513,1.0812703060984126,0.04314289270673274,0.6379026220433756,0.027415996505729248
rolling_plus_table,0.85,48,0.1,balanced,3,0.47990196078431374,0.023067879540887112,0.4677170051762167,0.02720879583658245,0.46222986971745855,0.022636307295089836,0.4862015814350314,0.023553461824907532,1.0814613266607498,0.03303977266815765,0.6332863939997652,0.01848762684863341
rolling_plus_table,0.85,36,0.1,balanced,3,0.46789215686274516,0.019567974172756936,0.4435787105669076,0.013419949324214035,0.4461038724661687,0.013104941766262776,0.4815087196193861,0.02733450171022644,1.082355149140293,0.03583718274489613,0.6355131756740436,0.02235721838271085
rolling_plus_table,0.9,72,0.1,none,3,0.5227941176470589,0.02817881401692113,0.467660058081759,0.009441763027898366,0.4553671887131468,0.013277521286230484,0.5038034782515832,0.021500367647935573,1.083848484896964,0.04981404828261317,0.6258541316124621,0.027702613698227022
rolling_plus_table,0.9,36,1.0,none,3,0.5071078431372549,0.04941385577585953,0.4536259375758744,0.028713754921785416,0.43916686032146063,0.030417837144781707,0.4817433349610965,0.04601704597303882,1.0862200697146809,0.05974271953680614,0.6288020504840738,0.038485397977568635
rolling_plus_table,0.85,108,0.03,none,3,0.49240196078431375,0.02485782332060412,0.44534095775019433,0.0290466681478141,0.43510225898332283,0.028666282774039414,0.47502631916725385,0.027754870715796114,1.0871633150146345,0.05048645930952211,0.6292816351693244,0.030497965806291574
rolling_plus_table,0.9,48,0.1,none,3,0.5044117647058823,0.023398841146789452,0.45012649876431216,0.01702023565587505,0.43165013131254626,0.03141906968721701,0.4768934853870748,0.029412477316048867,1.0873917282397774,0.05216429697043465,0.6276962160673459,0.02939734116175385
rolling_plus_table,0.95,108,0.03,balanced,3,0.46960784313725484,0.01274038374349708,0.4428366504578398,0.019272038749715233,0.44216733681214554,0.013687964854050685,0.47438589507567325,0.01631207920408313,1.0898825165100687,0.02957748811535843,0.6427717072823558,0.01732864346093106
rolling_plus_table,0.85,48,0.3,none,3,0.5026960784313725,0.02327011951258416,0.4527639327706207,0.009218804700247314,0.44408756620672607,0.00817581457253047,0.48560735808465294,0.022283508959482418,1.0901639633760247,0.04726935987931214,0.6260240926560138,0.03323501477955793
rolling_plus_table,0.85,36,0.3,none,3,0.4985294117647059,0.028408120985854435,0.4390918997395172,0.01968222247490494,0.4153478244389059,0.038691596789929464,0.46670515014192904,0.03641583344064704,1.0918958192084636,0.04434150556222537,0.6301203976009296,0.03626699624319936
rolling_plus_table,0.95,48,0.1,balanced,3,0.4514705882352941,0.025689735584811527,0.43812786456133895,0.023993649599389433,0.4349945195777984,0.02392410523040146,0.4625183042043351,0.03082470380749892,1.0926783612081803,0.0450910445235912,0.6443353854259181,0.025985941150961128
rolling_plus_table,0.9,36,0.3,balanced,3,0.4718137254901961,0.014287344746852613,0.4594994208466883,0.009499037445275619,0.45544696278336133,0.008285034223403672,0.47967906373623936,0.017461664054701415,1.0931975460425056,0.04621176651969554,0.6441438142671748,0.027077532627902124
rolling_plus_table,0.95,72,0.1,none,3,0.5127450980392156,0.044351233475558895,0.46155143911082125,0.03195751397215106,0.4517230287311913,0.03518193077171325,0.4963901921558314,0.04083262353083115,1.0939981907960161,0.06205750243876869,0.633023913785293,0.0355938646633413
rolling_plus_table,0.9,108,0.03,balanced,3,0.4843137254901961,0.022183742154872076,0.46817573939454177,0.020806373160881103,0.4633711965044793,0.01934979954940156,0.48972433611336336,0.029835471683963312,1.094427187298091,0.04182879610263823,0.6442267073308663,0.026330630036379844
rolling_plus_table,0.95,36,1.0,balanced,3,0.45955882352941174,0.013964136797298151,0.4439914360435717,0.01992264685604617,0.4418167793774566,0.014590967395514225,0.47026326729173684,0.023067521193417286,1.0955893740365035,0.04954578034730375,0.6451884752655853,0.03082801579093356
rolling_plus_table,0.85,108,0.03,balanced,3,0.4553921568627451,0.010052008163926427,0.44377458018578636,0.01213099020109199,0.43942011691180244,0.00866695265442367,0.46287971850582793,0.017509990669575412,1.1022274025240855,0.0323286957188279,0.6466598072502325,0.015368053432447319
rolling_plus_table,0.95,48,0.3,none,3,0.4948529411764706,0.057022046971592015,0.43971044162014855,0.04909158461191991,0.4235621548060727,0.059080727862736306,0.47113726966676966,0.0585773039010287,1.1058760590496257,0.06390386187099309,0.6407504583382297,0.03954774047476129
rolling_plus_table,0.9,48,0.1,balanced,3,0.47965686274509806,0.01547420991927901,0.4681546520546138,0.022889152555710945,0.46239405735486355,0.017891284710344124,0.48722272616219,0.015564787765969172,1.10636606958591,0.042172691286808575,0.6482475884289726,0.019152696053016158
rolling_plus_table,0.9,72,0.1,balanced,3,0.4776960784313726,0.007162568233432577,0.46449960127312623,0.015125724428175806,0.4597395871368582,0.008912239513437245,0.4847184031744072,0.011682821930180531,1.1064524279295933,0.038347229816798785,0.6490507752520487,0.016898312083984325
rolling_plus_table,0.85,48,0.3,balanced,3,0.4737745098039216,0.018604862465047396,0.4591800718843815,0.027445213118454704,0.4544545315933848,0.020696349250759343,0.4808526904329257,0.02024094789750255,1.1083360036364736,0.03457723296486256,0.6450980102934674,0.019780433148322854
rolling_plus_table,0.85,36,0.3,balanced,3,0.44534313725490193,0.016246875901153493,0.42139443427990325,0.014746775711328763,0.4239381898110013,0.012672910262039365,0.4584624889012087,0.02461878973233484,1.10840816923374,0.033505898641724485,0.647837563697604,0.023186449336435735
rolling_plus_table,0.85,48,1.0,none,3,0.5066176470588236,0.017900548663245308,0.4618017749606367,0.010107005955990603,0.4558640472735105,0.01070447379372224,0.4941224038579626,0.016403995646970645,1.1085059275282276,0.049584238428066085,0.6334125563837926,0.034877356627504234
rolling_plus_table,0.85,36,1.0,none,3,0.4825980392156863,0.03678594157943261,0.42550781876413185,0.01889954723371624,0.40345949243131046,0.03417136386529914,0.4541573490788542,0.0402157476907469,1.10923814603571,0.044556666819151075,0.6376959686001323,0.037927251270579394
rolling_plus_table,0.9,36,1.0,balanced,3,0.4573529411764706,0.012535992012298434,0.44359917185820413,0.01104287224054776,0.44065523892391734,0.011709973682333754,0.46683648109847864,0.01847788233657477,1.1098812599732812,0.050253654154677106,0.6526107984775853,0.028396643269117037
rolling_plus_table,0.85,72,0.1,none,3,0.509313725490196,0.04478391238101816,0.46682039854644725,0.031413837231950716,0.45983975373761493,0.032805419208423656,0.49657086959629515,0.046132884624336463,1.1122660948729848,0.05610709770058629,0.6400857225946687,0.04052855570090896
rolling_plus_table,0.95,72,0.1,balanced,3,0.4340686274509804,0.026527263220390073,0.4266083014359612,0.028588802958906135,0.41901051338887435,0.026081338207541358,0.44101945319109054,0.017415590609584034,1.1147743292976162,0.051073493392392075,0.6545987556835281,0.025937665150889525
rolling_plus_table,0.9,48,0.3,none,3,0.4985294117647059,0.0222378357298309,0.44825587128626787,0.0028313308686155744,0.435687263164577,0.008956751124961056,0.47842256353791535,0.01854485888484105,1.1188220567514129,0.05259816996201168,0.6414799668742571,0.02851654289071626
rolling_plus_table,0.9,160,0.03,none,3,0.4720588235294117,0.02989191409492475,0.42644022876516924,0.009114817082149918,0.41601610422206264,0.01077436502125277,0.4588820314740428,0.03265272543350267,1.1191792472884503,0.06375047223979904,0.6449424064669925,0.03562517767244698
rolling_plus_table,0.95,160,0.03,none,3,0.4723039215686274,0.03397416018342713,0.42777306102628737,0.02040094440406461,0.41604654089319504,0.02077429951522081,0.45352149702021755,0.03298575177005984,1.1223493339657475,0.07181672178252088,0.6444883513882376,0.03713850962335785
rolling_plus_table,0.85,160,0.03,none,3,0.47132352941176475,0.0717605873135119,0.42411086706879986,0.05484958851100673,0.4146172333264633,0.057197905279776314,0.45543657954303535,0.07208162356226909,1.1246570812809704,0.06146191126853709,0.6500319341505426,0.04251640968366574
rolling_plus_table,0.9,72,0.3,none,3,0.5002450980392156,0.026891622520478924,0.4498405286930142,0.012774327031282843,0.4426393779045577,0.01555210065476685,0.4890532187249141,0.025258242506455402,1.1255701634584352,0.05059750520567225,0.6441885428772282,0.026208823504036152
rolling_plus_table,0.85,72,0.1,balanced,3,0.4700980392156862,0.02664250635627684,0.45385343237189374,0.020896267039944193,0.45083145462809426,0.021039294962472456,0.4767111442781748,0.03241476109977962,1.1256975511500207,0.040911596545310444,0.6569480024197704,0.024379845079835816
rolling_plus_table,0.85,36,1.0,balanced,3,0.4372549019607843,0.01802429050083358,0.4150170362997773,0.011742383584623746,0.41634599991355553,0.009471383269249074,0.4491744966641147,0.025686210797193375,1.1261482020528037,0.03410692848000904,0.6556824632549055,0.02504409741502924
rolling_plus_table,0.85,48,1.0,balanced,3,0.45759803921568626,0.01657631217540285,0.4439888929640377,0.020988443791353294,0.43942159535379877,0.013963973871468607,0.46486404616763544,0.02100605896152103,1.1272840922370788,0.037968156101652134,0.652762976892025,0.02225864886222667
rolling_plus_table,0.95,48,0.3,balanced,3,0.4428921568627451,0.01535730411551035,0.43659632601999654,0.02053948915045221,0.4300084200960858,0.018435410759498703,0.4524935464267483,0.018178930116170434,1.1286360591332092,0.05104971650581184,0.663323923038768,0.02895658324613009
rolling_plus_table,0.95,72,0.3,none,3,0.49264705882352944,0.04954740369968409,0.4438898334057373,0.03461268730207404,0.4363175715503793,0.03672957895903154,0.47989540838666267,0.046295206213899646,1.1315886587603614,0.07419974602779784,0.64958068085788,0.04047089380270331
rolling_plus_table,0.95,48,1.0,none,3,0.49289215686274507,0.058708015665850585,0.4422616150685939,0.04636772624307165,0.4292607119576289,0.05356166390682961,0.4718647303595069,0.05811780197907974,1.1349148942089002,0.07401136557990758,0.6550498821845717,0.044453094738137064
rolling_plus_table,0.95,160,0.03,balanced,3,0.4534313725490196,0.016390444605196543,0.4380647036425765,0.024385679599692706,0.43472568934157546,0.01835426731244797,0.460435986625906,0.019820156982295608,1.1356580311242954,0.058807578129866166,0.6605242466942692,0.0277675882088105
rolling_plus_table,0.9,160,0.03,balanced,3,0.45122549019607844,0.008748317792928811,0.43129110631425654,0.027288607016795603,0.4287366314124244,0.01876035421750297,0.4579182590505863,0.011988889469792444,1.1361180769604424,0.05216210936290686,0.6646040864497916,0.027812115958411675
rolling_plus_table,0.85,all,0.01,none,3,0.4774509803921569,0.020704619688179285,0.42312359615399275,0.030568283695655053,0.41090069801745194,0.035044751954983654,0.46173846569339133,0.024254975694664043,1.1373965915194686,0.07197704830739078,0.6536220259811811,0.025861573587203923
rolling_plus_table,0.95,108,0.1,none,3,0.49681372549019603,0.03143949658320905,0.45240640650729724,0.017484973375133935,0.44498235381746204,0.017535501303981484,0.4844004923243886,0.031242443312141575,1.1378862022883782,0.05797709043694176,0.6561511220595428,0.03819789416769635
rolling_plus_table,0.9,48,0.3,balanced,3,0.4654411764705882,0.03602691067749556,0.45999672704886274,0.043057282604010226,0.45196533687648116,0.03676043858878799,0.4715458063843115,0.03292751252657977,1.1390406228760694,0.042277271645092436,0.6634234220852245,0.01752501528554402
rolling_plus_table,0.85,160,0.03,balanced,3,0.4536764705882353,0.026244953378786393,0.43917833527991684,0.015942270579975746,0.43518334848493173,0.017716009444712827,0.45952119375385153,0.030727982747180378,1.1413989863680836,0.04872617140677272,0.6698715836338615,0.03018422999440252
rolling_plus_table,0.9,48,1.0,none,3,0.48799019607843136,0.01734144406991051,0.44467829693929883,0.009333848471165388,0.4363616118963704,0.013750254485637551,0.47468044997580666,0.014149650205816412,1.1419292939453676,0.05447467970505672,0.6517809909902327,0.028941253272391
rolling_plus_table,0.9,72,0.3,balanced,3,0.4776960784313726,0.007162568233432577,0.4627138869874119,0.011941691743856654,0.45933775153817996,0.007304833222456206,0.4857296810009268,0.009915341566550736,1.1500893672180401,0.03797116647230776,0.6676824520519661,0.014766251925245128
rolling_plus_table,0.95,108,0.1,balanced,3,0.45759803921568626,0.021979705609260148,0.4382842036809171,0.005722369268827881,0.4354609310714351,0.010061702848031068,0.4634381713053795,0.027772705536886294,1.150841325210245,0.04844779453795875,0.6717021589689257,0.027746724672114722
rolling_plus_table,0.9,108,0.1,none,3,0.486764705882353,0.04756165184940069,0.4427188599911062,0.028123829337573014,0.43507767866938224,0.030419931664030387,0.4744068518762919,0.04728460553045814,1.1526919854841007,0.07705383165524737,0.6605282797154862,0.05065932628992209
rolling_plus_table,0.85,all,0.01,balanced,3,0.44901960784313727,0.02045944779873451,0.4194433926049736,0.025886517655953137,0.4171302298237283,0.021925741123397728,0.45183381798126376,0.019813111246636487,1.1528291211231783,0.06432530484445527,0.6712476301238839,0.022401098769119998
rolling_plus_table,0.95,72,0.3,balanced,3,0.43823529411764706,0.018717532443173326,0.42531470025958074,0.02264374141095854,0.42105571804520686,0.023618519170058618,0.44484843992702433,0.015135144729118115,1.154851748937409,0.06552795896883867,0.6724770922776466,0.03227198103614707
rolling_plus_table,0.9,all,0.01,none,3,0.4651960784313725,0.010895152338672963,0.41510961178296624,0.025636653716691566,0.4062616669961108,0.03012480643396496,0.4537064691068761,0.016103015223194045,1.155327344578537,0.08095787097874957,0.659997779052586,0.03190361355741943
rolling_plus_table,0.95,all,0.01,none,3,0.4754901960784314,0.010229723899367243,0.42445705446374227,0.024197984608834044,0.413615398400744,0.032607098213129515,0.46129482098546576,0.01937543530825119,1.1581583014884493,0.08504016476751783,0.6606420846674967,0.033999278306174475
rolling_plus_table,0.95,48,1.0,balanced,3,0.4306372549019608,0.005176154922044829,0.4266679607597384,0.0037299283356988845,0.4198856168039204,0.00427348763901043,0.4403000850736982,0.007431758316182759,1.159849214974561,0.06339726879520757,0.6792286045890736,0.0346564327517219
rolling_plus_table,0.85,72,0.3,none,3,0.48848039215686273,0.03581284116716288,0.44741390003722076,0.01969108081588841,0.44149022337701577,0.0223773190636772,0.47836419076152703,0.037643343230181495,1.1628302347802355,0.07561969619312593,0.6608643693661108,0.050876442809492634
rolling_plus_table,0.9,48,1.0,balanced,3,0.44264705882352945,0.021671435017838834,0.4357025268878166,0.02712700889785507,0.42952362057004656,0.023403768115811414,0.4494648031922604,0.01774415653816532,1.162907119468871,0.044157022467941204,0.6740313032400133,0.01777467269295974
rolling_plus_table,0.85,108,0.1,none,3,0.48676470588235293,0.03639520197283698,0.4494561970493123,0.0267656910103187,0.44270091536339806,0.025622266171241772,0.4765811878692387,0.03644079784591964,1.1634595696812495,0.06500775367897786,0.6609682502096205,0.03996767324220514
rolling_plus_table,0.9,72,1.0,none,3,0.5002450980392157,0.017506932772969205,0.4501562749593146,0.01031231158443035,0.44443363490110444,0.01419396682945185,0.4894260432233655,0.016403971450603662,1.1655259455578248,0.05359200012438768,0.6604011663046855,0.02678045914820052
rolling_plus_table,0.9,108,0.1,balanced,3,0.4823529411764706,0.02696301238565305,0.47024709128473424,0.02148052086098053,0.46530278989361856,0.020641079276236606,0.48925167578915185,0.03553973344140149,1.1681817710274975,0.06465494777304916,0.6760783979919429,0.0392502258597841
rolling_plus_table,0.9,all,0.01,balanced,3,0.43651960784313726,0.009032120476807994,0.40282081764906524,0.022970199727625908,0.4025200967282095,0.021686121662095475,0.44028029322364,0.00491137107005927,1.1689676239262712,0.07651956571142542,0.6768743558266199,0.03098107409024134
rolling_plus_table,0.95,72,1.0,none,3,0.465686274509804,0.01666306189390541,0.4264726491407269,0.005973010557987782,0.42154880433958924,0.009432428334199707,0.45952148257264486,0.020934096080758278,1.1695958840264877,0.09115093859796368,0.665126476465811,0.04698525086985379
rolling_plus_table,0.95,all,0.01,balanced,3,0.4404411764705882,0.013964136797298146,0.40690025940966645,0.028706782181794337,0.4064536750636194,0.028041906111914344,0.44367146445347644,0.011596079678324694,1.1710315779740974,0.07988254842441435,0.6769741511935411,0.03227013474944241
rolling_plus_table,0.85,72,0.3,balanced,3,0.4723039215686275,0.030755653575169444,0.45420289582877404,0.02181083624008637,0.4519956636131463,0.02195079017466752,0.4782747785349651,0.03613716574803586,1.1753671001199926,0.061857450140522345,0.6776944366563877,0.03507849698410958
rolling_plus_table,0.85,108,0.1,balanced,3,0.4600490196078431,0.039370100404290356,0.44497999210789874,0.04145314325996227,0.4422522444635694,0.03841415021823564,0.46687282242533495,0.03997335593782875,1.1765663644758586,0.0476090994820413,0.6774669689048155,0.02607129941973391
rolling_plus_table,0.9,72,1.0,balanced,3,0.4737745098039216,0.011739147073360835,0.4568311451961538,0.0036812207313886513,0.4553757598749109,0.0035590751156277887,0.48188586231505437,0.01741196251387101,1.1914211304544218,0.040322816326440886,0.6823482049872213,0.01506971671186561
rolling_plus_table,0.95,72,1.0,balanced,3,0.4549019607843137,0.012337953871228654,0.4463207977399411,0.010933078458277932,0.4407586557355587,0.014786625027015079,0.4626420408494099,0.012870546123977113,1.1955435781018953,0.08357181830955024,0.6881020525862996,0.03910793864051875
rolling_plus_table,0.95,108,0.3,none,3,0.4723039215686274,0.03397416018342713,0.4281446325545599,0.01357072655339126,0.42017364551581315,0.010213551191060414,0.46062408651402637,0.029256944672349856,1.200415043432577,0.08096808321090058,0.6832780728292426,0.04822235225040048
rolling_plus_table,0.85,72,1.0,none,3,0.4703431372549019,0.03647104943836571,0.4307991565219569,0.02377541440458999,0.42726878855911116,0.02475443053287694,0.46394080507774377,0.038559960550178345,1.206729704640555,0.09550947450224369,0.6780541526056824,0.05970502878804923
rolling_plus_table,0.95,108,0.3,balanced,3,0.4409313725490196,0.01581974466971072,0.42532580192941194,0.007144562490601501,0.42355131955346775,0.00874632750841873,0.4487107538134408,0.021438836960387713,1.212588849196782,0.07552229625376038,0.6965449980468136,0.039428760413273325
rolling_plus_table,0.85,72,1.0,balanced,3,0.46642156862745093,0.04156995697096934,0.4521581568381698,0.03314189589050136,0.44677722626912475,0.033021452216058254,0.4706707920011244,0.04859431438305669,1.2200100719924407,0.08317323504111239,0.694789655667817,0.04387676685682644
rolling_plus_table,0.95,160,0.1,none,3,0.4620098039215686,0.03122091110574725,0.42321221314335045,0.018851235395516974,0.4158812575161051,0.018277624248722268,0.45145694368592965,0.032522588123687086,1.2252026619870515,0.09830103354671355,0.6879502474374407,0.047109210899696385
rolling_plus_table,0.9,160,0.1,none,3,0.4372549019607843,0.03552991764778578,0.3978827832426768,0.010198959434471402,0.3928897769680954,0.014109962587883914,0.43145030143061575,0.03852198055869263,1.2307501417248685,0.08382232325039875,0.6934858934598767,0.04761154356533655
rolling_plus_table,0.9,108,0.3,none,3,0.46813725490196073,0.057913715665030105,0.424894475809092,0.04103918411416638,0.41696522120124535,0.04678607468364322,0.4554850023730477,0.05884825212318083,1.2314813790521548,0.10274492648735395,0.6917189957657298,0.06051256169427172
rolling_plus_table,0.95,160,0.1,balanced,3,0.4431372549019608,0.014084076371135942,0.4296736338491196,0.009257713294559329,0.4254447491096442,0.004934032971946371,0.448501737364354,0.022084010232545772,1.2365275787827634,0.08713230406776061,0.7015969301947805,0.03934394345902057
rolling_plus_table,0.85,108,0.3,none,3,0.4683823529411765,0.0362364002250326,0.43329562654091563,0.026333290601684833,0.4280181466836445,0.02700048187070057,0.4610910748834993,0.03884855254329331,1.2415633865459867,0.0923033412314765,0.6915424921389189,0.05437292648739492
rolling_plus_table,0.9,160,0.1,balanced,3,0.44754901960784316,0.02347829414672165,0.42355628130534795,0.010836831512915276,0.42176179609939973,0.008699845207191704,0.4524582772816433,0.026714457965010218,1.2464991480675034,0.07282475011251319,0.7111261553559117,0.040080798313945225
rolling_plus_table,0.9,108,0.3,balanced,3,0.4718137254901961,0.028794586642551682,0.4611340279906732,0.01203466016170489,0.4545381324249033,0.017762657218568022,0.47676341474292167,0.03909614303319064,1.2473643498488993,0.09488638913221144,0.7046444669523622,0.05117093177753851
rolling_plus_table,0.85,108,0.3,balanced,3,0.45637254901960783,0.053622163412841095,0.44089863331639506,0.05422251660403847,0.43718415896213275,0.052067170528287215,0.4636895563706993,0.05615246726926876,1.2546111529576784,0.0772898750467982,0.707305857449802,0.04079026911093944
rolling_plus_table,0.85,160,0.1,none,3,0.4504901960784314,0.060637869129990994,0.4091777601706461,0.041290797953720926,0.4023303440476906,0.04362680753296614,0.44128936105268224,0.06192518774064006,1.2582486986322428,0.09178712057640886,0.7080159954788195,0.05933344924224426
rolling_plus_table,0.95,108,1.0,none,3,0.4740196078431373,0.019064153414343178,0.4357024588390523,0.020030823983880803,0.4315961868805957,0.018041906236262322,0.4660802432618305,0.018207140987924062,1.270929895077097,0.1114583461268413,0.7077214769842163,0.05680422833559371
rolling_plus_table,0.85,160,0.1,balanced,3,0.4291666666666667,0.02124591463996993,0.4098619088370536,0.011807395414327383,0.4083656401064682,0.012434474524233134,0.43556157282856106,0.02637853191081021,1.2781445276816321,0.08188377570175061,0.7281565602080892,0.04755094286019873
rolling_plus_table,0.95,108,1.0,balanced,3,0.4470588235294118,0.011021238801920167,0.42584187792502753,0.007776902364531025,0.4264271822875662,0.007930966833579762,0.45592346442660325,0.014849679357983979,1.2847552577907273,0.10941577575239952,0.7199732429876411,0.04863457690456612
rolling_plus_table,0.9,108,1.0,none,3,0.47794117647058815,0.04300475416973731,0.43503748631442135,0.023364279867488784,0.4269149592204031,0.028852322716404057,0.4640746443504938,0.041276066978116595,1.3216277560363983,0.13401327107029545,0.7204658011784709,0.06560429332560258
rolling_plus_table,0.85,all,0.03,none,3,0.44877450980392153,0.026486469455291217,0.40056718450609735,0.03773569206089296,0.3953230654211046,0.04026766264075036,0.44150708246296483,0.026829940736943152,1.323453416968543,0.10563817806358655,0.7286144404663938,0.03245287812004206
rolling_plus_table,0.85,108,1.0,none,3,0.4438725490196078,0.03836860871290005,0.40959187189785123,0.02459565404341135,0.4044997151291681,0.02529717411196003,0.43828609947080377,0.0395713503737407,1.330965796204375,0.13436389713389787,0.7234550231599183,0.06865536115031143
rolling_plus_table,0.9,108,1.0,balanced,3,0.4492647058823529,0.03706251926794422,0.43079734642482687,0.016350331235962568,0.42616948495887136,0.025348170114651857,0.45265599374503385,0.04457235905783097,1.339628495066483,0.1319906283602531,0.7322900318197103,0.05825308821808375
rolling_plus_table,0.85,all,0.03,balanced,3,0.4093137254901961,0.03249375180230696,0.37976796304617694,0.044356941962695406,0.37714597602330624,0.04356150422793616,0.4110453229073941,0.030513603830832254,1.3401597738255424,0.09562100594125544,0.7453500776029426,0.030052593825126348
rolling_plus_table,0.95,160,0.3,none,3,0.4522058823529411,0.0413903757709332,0.41045612036807616,0.03907792698363764,0.4047480407882024,0.03820677269703858,0.4434487851174798,0.04201851500395691,1.3431256189032303,0.13545831793424748,0.7319537702286597,0.05848278917955163
rolling_plus_table,0.85,108,1.0,balanced,3,0.44803921568627453,0.03947067833581176,0.4352267027084031,0.03773597134816801,0.43104215487334563,0.03598078122812348,0.45638379505458637,0.04547109978284593,1.3476729860296164,0.1256396337774271,0.7399977252112581,0.056993836755994724
rolling_plus_table,0.9,all,0.03,none,3,0.44681372549019605,0.025880774610224113,0.3984796000692464,0.03728516025496942,0.3930638648860985,0.041717117743097006,0.4388778879928437,0.028551615860242095,1.3496090980801385,0.11698414345086133,0.7380022873851374,0.041528085249917496
rolling_plus_table,0.95,160,0.3,balanced,3,0.4536764705882353,0.026244953378786393,0.44026697746675997,0.018540049609478484,0.43617939357007174,0.017330359702993053,0.45984153254392607,0.029469822220360452,1.3529141986723072,0.12771759556466938,0.7431345252103272,0.053463951661128106
rolling_plus_table,0.95,all,0.03,none,3,0.4468137254901961,0.03598353087768375,0.4008615109656501,0.04591946702556218,0.39681937980288806,0.04855710698168605,0.43982718601164894,0.03705135775589658,1.3540159640733016,0.1288983847149931,0.7388398313169481,0.04604692176608486
rolling_plus_table,0.9,all,0.03,balanced,3,0.4198529411764706,0.031954994663866004,0.38712734357999956,0.04584639073185573,0.38564560252695107,0.04418815366748422,0.4212063933341623,0.030857587141307014,1.3622932902440155,0.11136479846169613,0.7523420333987495,0.04138900005296348
rolling_plus_table,0.9,160,0.3,none,3,0.4534313725490196,0.0526179311105636,0.41583362924824546,0.028651517480516437,0.41008520673896004,0.02988254910541104,0.44514145313308334,0.04863766126926729,1.3656952761648855,0.12021997656885659,0.7421656123388827,0.06076629313086896
rolling_plus_table,0.95,all,0.03,balanced,3,0.41200980392156866,0.01734144406991051,0.37981076377466416,0.03219599225635988,0.3788511422661221,0.03254635598081406,0.41458927092011727,0.020038154480621448,1.3666207953654512,0.12266018867140384,0.7535833560420205,0.04518897110096397
rolling_plus_table,0.9,160,0.3,balanced,3,0.44950980392156864,0.03570700755191042,0.4309130565436236,0.017567672750603096,0.4289041096968973,0.021920440310873434,0.4552395434787715,0.039582995073269726,1.3811257260738083,0.11342906462823364,0.757585592476691,0.056200462014327414
rolling_plus_table,0.85,160,0.3,none,3,0.4338235294117647,0.040554653626875534,0.4022800516175153,0.03315192480947714,0.3972937751426975,0.031534800069361005,0.428505511628077,0.04023468049288341,1.4306727590721529,0.1657566656288413,0.7685584114261038,0.07738496300454847
rolling_plus_table,0.85,160,0.3,balanced,3,0.4110294117647059,0.0290479955217102,0.3890707501835761,0.019388885092454747,0.3879617750814843,0.020735446437620302,0.4174514596285093,0.034798760202433186,1.4551620438485922,0.16102595566779895,0.7879801476446118,0.06875473740216799
rolling_plus_table,0.95,160,1.0,none,3,0.44166666666666665,0.03584302194601093,0.39818051408469435,0.01403915695581439,0.3911939374424133,0.011083047271264308,0.4305772060775696,0.02969667638341797,1.4987744364640616,0.20041771706295017,0.7803421604651203,0.07253491465730101
rolling_plus_table,0.95,160,1.0,balanced,3,0.4519607843137255,0.032582371289968354,0.4354632927078322,0.029518237061991765,0.4321488579037373,0.0255228353927612,0.4565889491628883,0.033962847745979456,1.514122810925645,0.20010723778634965,0.7921084035618882,0.07197360276028526
rolling_plus_table,0.9,160,1.0,none,3,0.45171568627450975,0.05186242077069724,0.41616144153257956,0.02493519998311781,0.41114606369840456,0.02657433502621527,0.4459143683011437,0.04807853533166659,1.5466589562359043,0.18917704971442503,0.7905058598990787,0.06815982138283429
rolling_plus_table,0.9,160,1.0,balanced,3,0.4389705882352941,0.04642262975783705,0.42334455632439,0.026880609712155265,0.4186838371747741,0.031986040919020915,0.44158740778415817,0.04634844812653812,1.5679493109251847,0.1977590076767572,0.8068245991097044,0.07013314009954644
rolling_plus_table,0.85,160,1.0,none,3,0.4127450980392157,0.0173310485584938,0.38115113389461514,0.014627492904649417,0.37675439750486966,0.012345355970997587,0.4090966099666278,0.016026196552322743,1.6803340784642773,0.3139264061039728,0.8312456970964907,0.09284255491030809
rolling_plus_table,0.85,all,0.1,none,3,0.4215686274509804,0.03216485732760269,0.3828083060088381,0.05026860046877237,0.38017957556167464,0.05240943098267207,0.4174322079074047,0.03249169866424862,1.688877016501061,0.1823979630680165,0.8282312448952673,0.050775543700766534
rolling_plus_table,0.85,all,0.1,balanced,3,0.4095588235294117,0.022932062040619726,0.3787774841181961,0.038986430439840895,0.37743470611007496,0.03846568865690478,0.41152251570671255,0.021960852131711308,1.7097098555257364,0.16652761090140497,0.840869624039906,0.047993742348444106
rolling_plus_table,0.85,160,1.0,balanced,3,0.4063725490196079,0.008665524279246902,0.38575190695968536,0.010830613405550025,0.38477139524179305,0.007451687174149542,0.412981084147463,0.014687703645985126,1.7116478571790215,0.31748128666557635,0.8488152263949963,0.08616349270033204
rolling_plus_table,0.9,all,0.1,none,3,0.43014705882352944,0.03017991991905621,0.38802563587487304,0.04003526786031074,0.384744329014099,0.0400515228074528,0.42469367222158727,0.027486670865499913,1.733682668059615,0.18262203190206236,0.8465448998127126,0.053483004293292315
rolling_plus_table,0.95,all,0.1,none,3,0.43014705882352944,0.02222973008504554,0.391010948773979,0.03521612840141367,0.3889333203037853,0.03590890453138851,0.4268241607127064,0.02118812990835654,1.7429719705133255,0.21011414555755986,0.8473515069836101,0.06098952471956898
rolling_plus_table,0.9,all,0.1,balanced,3,0.3995098039215686,0.03501386554593838,0.3674682927754922,0.04538696387590583,0.36726775200110784,0.04518395885708213,0.40077565483536204,0.03432652898366364,1.7486013231884396,0.1741619571209726,0.8565201287947909,0.052977961002198
rolling_plus_table,0.95,all,0.1,balanced,3,0.4041666666666666,0.025685058345704066,0.3694556899888058,0.030831919793888107,0.3689231326912486,0.03163550112437931,0.4054847755878408,0.026977161018957543,1.759629451005092,0.20216139635452776,0.8589018790071892,0.06012834006700226
rolling_plus_table,0.85,all,0.3,none,3,0.39901960784313734,0.039630162610603425,0.36225700758397644,0.05481811401779271,0.36032276615459385,0.05507756492131694,0.396209471743769,0.03849657927333134,2.2627323399773753,0.32885069686110613,0.9166463556780249,0.06901025524172996
rolling_plus_table,0.85,all,0.3,balanced,3,0.4075980392156862,0.024857823320604117,0.3729084259613113,0.038946389250617934,0.3725936993844414,0.03864289198343136,0.40834790353172873,0.02412114300394496,2.293694548806689,0.3013934823866854,0.9256799257849351,0.06545365929214807
rolling_plus_table,0.9,all,0.3,none,3,0.4014705882352942,0.022237835729830884,0.3644839325590861,0.036973786346730576,0.3615133674562039,0.038017649488379775,0.39708627920742123,0.022512409727404526,2.3495911899941,0.28910837898287783,0.9458949903901176,0.059977633664739266
rolling_plus_table,0.95,all,0.3,none,3,0.41372549019607846,0.021930454370850515,0.37467367895572906,0.03760644588059916,0.3721789677193048,0.038509526603294326,0.41005614335926127,0.021881690238575682,2.3672763496049005,0.3438903642254583,0.9453132016735514,0.07000019354174188
rolling_plus_table,0.9,all,0.3,balanced,3,0.3850490196078431,0.0276711235831455,0.3500864044323932,0.040855103581113814,0.34847538043862697,0.041133668347552325,0.3830161986887264,0.027392191342114704,2.3752589511537465,0.27427277207146794,0.955448177238718,0.05913635577685919
rolling_plus_table,0.95,all,0.3,balanced,3,0.3995098039215686,0.03501386554593838,0.36956975332750686,0.046718756607619275,0.37033673422155405,0.044748709976136614,0.4017287136900394,0.03220112457693,2.3926422057860353,0.33008477957273624,0.9546927787443531,0.06870643216100776
rolling_plus_table,0.85,all,1.0,none,3,0.4075980392156862,0.02023803466014021,0.3683238465578913,0.03450523961921588,0.36476775983466725,0.03496731320035741,0.4027713313334215,0.019496342652596917,3.314640345471849,0.6584343579671337,0.9973983170766599,0.07452898619686468
rolling_plus_table,0.85,all,1.0,balanced,3,0.3992647058823529,0.02598270429963036,0.36633813500968154,0.03958026524585683,0.3655680095593272,0.039793015645083356,0.4000805583344344,0.024990815325658833,3.361216546150788,0.6063807744750944,1.006715819679592,0.06584171125452537
rolling_plus_table,0.9,all,1.0,none,3,0.3992647058823529,0.0360569122738211,0.36373183039665974,0.04966188147055511,0.3618273562030252,0.049827489047397124,0.39607494589319686,0.035013304990329945,3.4825850408207497,0.5295664908351838,1.028954141548312,0.06428580087495621
rolling_plus_table,0.95,all,1.0,none,3,0.4095588235294117,0.027096361430423935,0.37477002628471007,0.04314178141305584,0.37443541877984265,0.04336726392832138,0.40832454596823525,0.026675309021652525,3.4956319099238056,0.6273290228354307,1.0258735093111084,0.07613768208123954
rolling_plus_table,0.9,all,1.0,balanced,3,0.3845588235294118,0.042862034240557845,0.3523040086710458,0.060741130164032875,0.35179735711049,0.06006605022374065,0.3843178071290698,0.042764614278483125,3.529282317576623,0.4976552709182753,1.0467285765615923,0.0639993960748314
rolling_plus_table,0.95,all,1.0,balanced,3,0.3992647058823529,0.0360569122738211,0.37044289285484866,0.051052343678035475,0.3720378964737891,0.04910142995772459,0.40181681600481706,0.03301730742703852,3.534376267814981,0.6024882466859204,1.0405175844269898,0.07389992226485227
